criterion,power_ideal,abs_ideal,power_wloss,abs_wloss,power_wlossCap,abs_wlossCap
0,210.92600000000002,2608.0939999999996,153.12833496078187, 2345.014763310325,69.54670269399517,1832.379646874564
1,210.92600000000002,2608.093999999999,151.8904446960613, 2324.451144165174,69.54670269399517,1775.0347044657115
4,210.92600000000002,2609.1209999999996,153.05249973723699, 2344.5902337454963,69.54670269399517,1832.994276291677
2,210.92600000000002,4533.187000000002,122.0956344974802, 3513.7433099852715,69.54670269399517,2558.696584172881
3,210.92600000000002,4533.187000000002,122.0956344974802, 3513.7433099852715,69.54670269399517,2558.696584172881
5,163.59300000000005,3158.2140000000018,110.16498642673088, 2640.4326536495,69.54670269399517,2282.521767092285
