criterion,power_ideal,abs_ideal,power_wloss,abs_wloss,power_wlossCap,abs_wlossCap
0,162.05500000000006,2086.5870000000004,124.661532280512, 1911.0106781776976,69.54670269399517,1607.727292212194
1,162.05500000000006,2086.5870000000004,123.54575114909188, 1894.4889218712517,69.54670269399517,1577.1764540796553
4,162.05500000000006,2087.567,124.58859866099304, 1910.7277738123241,69.54670269399517,1607.8965029466005
2,162.055,3552.5589999999993,101.07059681294372, 2871.451034807217,58.3914124488478,2154.815070674627
3,162.055,3552.5589999999993,101.07059681294372, 2871.451034807217,58.3914124488478,2154.815070674627
5,124.739,2550.9269999999988,88.75965704361518, 2196.387831728563,69.54670269399517,2058.70944306737
