criterion,power_ideal,abs_ideal,power_wloss,abs_wloss,power_wlossCap,abs_wlossCap
0,149.092,1920.358,117.05936512243558, 1770.039381444016,69.54670269399517,1514.6433676393958
1,149.092,1920.358,115.95616620839417, 1754.1790514630493,69.54670269399517,1503.5202627253316
4,149.092,1921.4170000000001,116.9906925279765, 1769.9463408238262,69.54670269399517,1514.9692349782513
2,149.092,3241.0070000000005,96.17044057394602, 2659.1047742302194,55.45880998533502,2015.81563981917
3,149.092,3241.0070000000005,96.17044057394602, 2659.1047742302194,55.45880998533502,2015.81563981917
5,109.04,2187.323000000001,81.28604252013733, 1922.55151990726,69.54670269399517,1877.3115038171636
