criterion,power_ideal,abs_ideal,power_wloss,abs_wloss,power_wlossCap,abs_wlossCap
0,177.569,2214.2270000000003,134.93442055387348, 2019.9085084960664,69.54670269399517,1666.6988606160023
1,177.569,2214.2270000000003,133.69923129733053, 2000.83726774811,69.54670269399517,1625.3024137820844
4,177.569,2215.358,134.87316696315136, 2019.953407172189,69.54670269399517,1667.1318087095046
2,177.569,3811.2670000000007,109.6632763463959, 3048.0256473413524,67.72081741280242,2304.611541678115
3,177.569,3811.2670000000007,109.6632763463959, 3048.0256473413524,67.72081741280242,2304.611541678115
5,177.569,2215.358,134.87316696315136, 2019.953407172189,69.54670269399517,1667.1318087095046
