criterion,power_ideal,abs_ideal,power_wloss,abs_wloss,power_wlossCap,abs_wlossCap
0,192.80199999999996,2419.9409999999993,142.76939115375828, 2189.689181660328,69.54670269399517,1759.1838320592472
1,192.80199999999996,2419.9409999999993,141.61337630954407, 2171.157468230524,69.54670269399517,1708.5795193062384
4,192.80199999999996,2420.8739999999993,142.70092038650031, 2189.364137540285,69.54670269399517,1759.7653675180914
2,192.80200000000002,4211.94,114.01052821622272, 3306.755548684626,69.54670269399517,2459.6249127107426
3,192.80200000000002,4211.94,114.01052821622272, 3306.755548684626,69.54670269399517,2459.6249127107426
5,192.80199999999996,2420.8739999999993,142.70092038650031, 2189.364137540285,69.54670269399517,1759.7653675180914
