criterion,power_ideal,abs_ideal,power_wloss,abs_wloss,power_wlossCap,abs_wlossCap
0,166.50400000000002,2137.861,127.43471010613592, 1954.3272969833984,69.54670269399517,1635.6759134025372
1,166.50400000000002,2137.861,126.23071571753734, 1936.5080732341212,69.54670269399517,1597.227038071118
4,166.50400000000002,2138.9109999999996,127.35725387387325, 1954.017604831619,69.54670269399517,1636.0851459684748
2,166.504,3610.117999999999,103.43073032960119, 2911.146394543933,59.946887839613126,2170.5970952857524
3,166.504,3610.117999999999,103.43073032960119, 2911.146394543933,59.946887839613126,2170.5970952857524
5,121.27699999999997,2432.5220000000004,87.90464259604927, 2111.0303280234816,69.54670269399517,2002.6967429200483
