criterion,power_ideal,abs_ideal,power_wloss,abs_wloss,power_wlossCap,abs_wlossCap
0,197.43999999999997,2497.129000000001,144.93527141809332, 2252.4375874547713,69.54670269399517,1792.0604346180808
1,197.44,2497.129000000001,143.69664217449878, 2232.5836075206234,69.54670269399517,1735.487694658296
4,197.43999999999997,2498.184000000001,144.85598295124032, 2252.01294195062,69.54670269399517,1792.6955823045482
2,197.44000000000008,4303.356000000002,115.3304956449282, 3364.221717276047,69.4180556095695,2469.8705158752327
3,197.44000000000008,4303.356000000002,115.3304956449282, 3364.221717276047,69.4180556095695,2469.8705158752327
5,197.43999999999997,2498.184000000001,144.85598295124032, 2252.01294195062,69.54670269399517,1792.6955823045482
