criterion,power_ideal,abs_ideal,power_wloss,abs_wloss,power_wlossCap,abs_wlossCap
0,198.23100000000002,2472.8880000000013,146.043075577438, 2234.032562843884,69.54670269399517,1778.8952293731213
1,198.23100000000002,2472.888000000001,144.84704620758959, 2214.8956137423925,69.54670269399517,1725.6841990141368
4,198.23100000000002,2473.933000000001,145.96707149445015, 2233.657253015336,69.54670269399517,1779.537016586357
2,198.23100000000002,4273.615,116.91238263532841, 3348.9774088643003,69.54670269399517,2471.794911244196
3,198.23100000000002,4273.615,116.91238263532841, 3348.9774088643003,69.54670269399517,2471.794911244196
5,154.98200000000003,2999.3959999999997,105.72944430197768, 2527.142392442725,69.54670269399517,2215.558531922351
