criterion,power_ideal,abs_ideal,power_wloss,abs_wloss,power_wlossCap,abs_wlossCap
0,195.779,2456.203,144.48152490057493, 2219.6587006696163,69.54670269399517,1773.2420992545171
1,195.779,2456.2030000000004,143.2593883494555, 2200.1541451561466,69.54670269399517,1719.3336110559471
4,195.779,2457.2430000000004,144.40442914490566, 2219.2650689558786,69.54670269399517,1773.8755665382894
2,195.779,4228.712999999998,115.64322414216781, 3318.802190691218,69.54670269399517,2447.2358310699065
3,195.779,4228.712999999998,115.64322414216781, 3318.802190691218,69.54670269399517,2447.2358310699065
5,195.779,2457.2430000000004,144.40442914490566, 2219.2650689558786,69.54670269399517,1773.8755665382894
