criterion,power_ideal,abs_ideal,power_wloss,abs_wloss,power_wlossCap,abs_wlossCap
0,189.255,2318.195,142.00402491790427, 2107.871609479471,69.54670269399517,1710.4592105469148
1,189.255,2318.195,140.90298440190153, 2090.1885822575864,69.54670269399517,1667.9484758326357
4,189.255,2320.1240000000003,141.94173611033617, 2108.6745444836315,69.54670269399517,1711.8625321449067
2,189.255,4078.2550000000015,114.60548509591516, 3223.6976047926664,69.54670269399517,2423.6285288100794
3,179.03,3690.5770000000016,112.52071922078491, 2978.3391961489847,69.54670269399517,2255.9349118625323
5,153.114,2857.3390000000004,106.1539243987047, 2425.7526013795405,69.54670269399517,2125.6915199282193
