criterion,power_ideal,abs_ideal,power_wloss,abs_wloss,power_wlossCap,abs_wlossCap
0,162.03099999999998,2026.7009999999996,125.91304473880822, 1861.83248815569,69.54670269399517,1565.7762258152627
1,162.03099999999998,2026.701,124.70407923410342, 1844.1284841954748,69.54670269399517,1545.460614895916
4,162.03099999999998,2027.6949999999997,125.84283349098621, 1861.6073590908213,69.54670269399517,1565.987177846632
2,162.031,3412.2149999999997,103.93058155675294, 2780.8141114080518,62.44990736816868,2099.26414358087
3,159.048,3349.571999999999,102.83605662204006, 2736.432021569431,62.44990736816868,2084.555617651905
5,162.03099999999998,2027.6949999999997,125.84283349098621, 1861.6073590908213,69.54670269399517,1565.987177846632
