criterion,power_ideal,abs_ideal,power_wloss,abs_wloss,power_wlossCap,abs_wlossCap
0,157.813,1982.0570000000002,123.26369491392629, 1824.5470004725596,69.54670269399517,1539.8901551026206
1,157.813,1982.0570000000002,122.11541640695941, 1807.959747557976,69.54670269399517,1526.8289557610547
4,157.813,1983.286,123.19737080378688, 1824.6414599156,69.54670269399517,1540.3943364055233
2,157.81299999999993,3371.7129999999997,101.48817626940564, 2752.9050212053817,60.82190911955176,2095.3052262882807
3,157.81299999999993,3371.7129999999997,101.48817626940564, 2752.9050212053817,60.82190911955176,2095.3052262882807
5,115.38799999999998,2113.487,87.47281968116148, 1876.0804663230565,69.54670269399517,1797.7477651066288
