criterion,power_ideal,abs_ideal,power_wloss,abs_wloss,power_wlossCap,abs_wlossCap
0,189.209,2370.452,141.12728888370373, 2149.5918005532185,69.54670269399517,1740.809563916862
1,189.209,2370.452,139.87473911570686, 2129.771787980836,69.54670269399517,1690.303598760435
4,189.20900000000003,2371.4140000000007,141.05649662050445, 2149.259754164556,69.54670269399517,1741.4082786747013
2,189.20900000000006,4087.5380000000014,113.46731556524031, 3227.8170547550963,69.32594050104424,2401.247600771181
3,189.20900000000006,4087.5380000000014,113.46731556524031, 3227.8170547550963,69.32594050104424,2401.247600771181
5,146.16600000000003,2829.3170000000014,101.49486535816122, 2400.369197568206,69.54670269399517,2152.2832811187536
