criterion,power_ideal,abs_ideal,power_wloss,abs_wloss,power_wlossCap,abs_wlossCap
0,156.752,2033.644,121.3742891519936, 1865.9081420779148,69.54670269399517,1582.4742371364093
1,156.752,2033.6439999999998,120.20569378341308, 1849.0708687703732,69.54670269399517,1554.3281793744466
4,156.752,2034.701,121.29701816266683, 1865.6338155953174,69.54670269399517,1582.6755820751168
2,156.752,3408.211,98.98397084729946, 2773.7159005280114,56.29699819191538,2075.239206786177
3,156.752,3408.211,98.98397084729946, 2773.7159005280114,56.29699819191538,2075.239206786177
5,112.28699999999999,2270.762,82.75633920198764, 1986.7095250637856,69.54670269399517,1924.5887629876038
