criterion,power_ideal,abs_ideal,power_wloss,abs_wloss,power_wlossCap,abs_wlossCap
0,169.707,2136.9750000000004,130.05170758742543, 1954.5727941965752,69.54670269399517,1627.9879403221767
1,169.707,2136.9750000000004,128.8457885535204, 1936.3019305145758,69.54670269399517,1594.6681401320668
4,169.707,2138.0620000000004,129.98642118130837, 1954.5192136873882,69.54670269399517,1628.3436074521405
2,169.70699999999994,3814.505999999998,101.31910465833462, 3012.330544657731,50.59369690265245,2088.935288162415
3,169.70699999999994,3814.505999999998,101.31910465833462, 3012.330544657731,50.59369690265245,2088.935288162415
5,169.707,2554.288,121.69840147301517, 2228.0887657556736,69.54670269399517,1804.6186884830436
