criterion,power_ideal,abs_ideal,power_wloss,abs_wloss,power_wlossCap,abs_wlossCap
0,174.34,2205.343999999999,132.67018840570867, 2011.596205776495,69.54670269399517,1668.6504448002927
1,174.33999999999997,2205.343999999999,131.33319579515134, 1991.290649795678,69.54670269399517,1625.182244132308
4,174.34,2206.3519999999994,132.59520503770278, 2011.2756580005912,69.54670269399517,1669.0348460647172
2,174.33999999999997,3885.6260000000007,103.44410964730035, 3059.9077597769738,51.64604709182383,2106.5646548961286
3,174.33999999999997,3885.6260000000007,103.44410964730035, 3059.9077597769738,51.64604709182383,2106.5646548961286
5,174.34,2358.8909999999996,128.20668563723308, 2091.9694914644056,69.54670269399517,1685.2738397740457
