criterion,power_ideal,abs_ideal,power_wloss,abs_wloss,power_wlossCap,abs_wlossCap
0,162.03099999999998,2026.7009999999996,125.91304473880822, 1861.83248815569,69.54670269399517,1565.7762258152627
1,162.03099999999998,2026.701,124.70407923410342, 1844.1284841954748,69.54670269399517,1545.460614895916
4,162.03099999999998,2027.6949999999997,125.84283349098621, 1861.6073590908213,69.54670269399517,1565.987177846632
2,162.031,3540.173999999999,100.27472993468015, 2839.3785558560367,51.56933668821351,1993.8735397312703
3,162.031,3540.173999999999,100.27472993468015, 2839.3785558560367,51.56933668821351,1993.8735397312703
5,162.03099999999998,2160.557,122.04849000442081, 1934.557802617697,69.54670269399517,1613.3002871572999
