criterion,power_ideal,abs_ideal,power_wloss,abs_wloss,power_wlossCap,abs_wlossCap
0,194.72399999999996,2388.348,144.95149326308214, 2165.837771979857,69.54670269399517,1741.9337123021567
1,194.724,2388.348,143.81816037711073, 2147.5877760412673,69.54670269399517,1694.8113477698082
4,194.724,2389.277,144.88473097683817, 2165.5359932510214,69.54670269399517,1742.398919770122
2,194.72400000000005,4365.843000000002,111.06922240617912, 3361.1728243003768,57.03787397900736,2289.646633891118
3,194.72400000000005,4365.843000000002,111.06922240617912, 3361.1728243003768,57.03787397900736,2289.646633891118
5,194.724,2889.4239999999986,135.21503485499312, 2487.225278349717,69.54670269399517,1921.3008628036273
