criterion,power_ideal,abs_ideal,power_wloss,abs_wloss,power_wlossCap,abs_wlossCap
0,155.94599999999997,1959.3209999999995,122.15334873257191, 1804.7023153620246,69.54670269399517,1528.7404166892766
1,155.94600000000003,1959.3209999999995,120.97847068406081, 1787.620453853074,69.54670269399517,1516.940051554586
4,155.94599999999997,1960.6699999999996,122.08537085012033, 1804.8944864936796,69.54670269399517,1529.3514977813554
2,155.94599999999997,3315.0360000000005,100.89100965861621, 2713.1544263612086,60.182908893477084,2058.815785963629
3,155.94599999999997,3315.0360000000005,100.89100965861621, 2713.1544263612086,60.182908893477084,2058.815785963629
5,155.94599999999997,1960.6699999999996,122.08537085012033, 1804.8944864936796,69.54670269399517,1529.3514977813554
