criterion,power_ideal,abs_ideal,power_wloss,abs_wloss,power_wlossCap,abs_wlossCap
0,171.685,2217.985000000001,130.3364626343342, 2020.617486668708,69.54670269399517,1680.8844183291815
1,171.68499999999997,2217.985000000001,128.92256572838113, 1999.3960040764016,69.54670269399517,1633.3812377213212
4,171.685,2219.030000000001,130.25780035702542, 2020.266259491526,69.54670269399517,1681.400560783426
2,171.685,3719.8570000000004,105.42596919804163, 2982.3242594801595,61.181476432798114,2208.115287579763
3,171.685,3719.8570000000004,105.42596919804163, 2982.3242594801595,61.181476432798114,2208.115287579763
