criterion,power_ideal,abs_ideal,power_wloss,abs_wloss,power_wlossCap,abs_wlossCap
0,174.38600000000002,2183.835000000001,133.02738733810506, 1994.4265271688398,69.54670269399517,1653.2022070647688
1,174.38600000000002,2183.8350000000005,131.76722678169793, 1975.3729665309536,69.54670269399517,1612.338132189364
4,174.38600000000002,2184.821000000001,132.95689056810167, 1994.1580945993626,69.54670269399517,1653.5968315890716
2,174.38600000000002,3863.925999999998,104.05176588798948, 3047.4226220491396,52.778672704363196,2106.806406705922
3,174.38600000000002,3863.925999999998,104.05176588798948, 3047.4226220491396,52.778672704363196,2106.806406705922
5,174.38600000000002,2341.956000000001,128.61249357189888, 2080.1000294181763,69.54670269399517,1679.983733998152
