criterion,power_ideal,abs_ideal,power_wloss,abs_wloss,power_wlossCap,abs_wlossCap
0,194.20700000000005,2428.425,143.59017848817203, 2196.406274283478,69.54670269399517,1761.013174786262
1,194.20700000000005,2428.425,142.4850480764483, 2178.3764129342976,69.54670269399517,1712.5683326352046
4,194.20700000000002,2429.7580000000003,143.5255032494393, 2196.5570817514504,69.54670269399517,1762.0222449024147
2,194.207,4266.849,114.37664529850552, 3340.3875435701375,69.54670269399517,2483.163739874762
3,160.11499999999998,3008.314999999999,106.68917461989075, 2512.850424446504,69.54670269399517,1928.4512276202718
