criterion,power_ideal,abs_ideal,power_wloss,abs_wloss,power_wlossCap,abs_wlossCap
0,179.074,2268.589,135.15719146407312, 2063.6957112433042,69.54670269399517,1698.7987132328096
1,179.074,2268.5890000000004,133.83596615980883, 2043.1970008631044,69.54670269399517,1651.3225389164702
4,179.074,2269.511,135.09186453486575, 2063.453728696849,69.54670269399517,1699.2864174493918
2,179.07400000000004,3876.2010000000005,109.2059317080705, 3087.931365100069,66.20997665142444,2313.363710165503
3,179.07400000000004,3876.2010000000005,109.2059317080705, 3087.931365100069,66.20997665142444,2313.363710165503
5,179.074,2269.511,135.09186453486575, 2063.453728696849,69.54670269399517,1699.2864174493918
