criterion,power_ideal,abs_ideal,power_wloss,abs_wloss,power_wlossCap,abs_wlossCap
0,153.172,1920.4210000000003,120.4213314371141, 1771.5063886672044,69.54670269399517,1504.60837211099
1,153.172,1920.421,119.35241323642435, 1755.9444736705989,69.54670269399517,1495.6030687071084
4,153.172,1921.632,120.3577912070435, 1771.6453439288264,69.54670269399517,1505.1374872006445
2,153.172,3269.3459999999995,99.55605602437787, 2681.971286754299,59.66681440445815,2048.6431289842126
3,153.172,3269.3459999999995,99.55605602437787, 2681.971286754299,59.66681440445815,2048.6431289842126
5,110.85499999999998,1987.5949999999998,85.20414202849018, 1775.9841350397762,69.54670269399517,1717.6333126316833
