criterion,power_ideal,abs_ideal,power_wloss,abs_wloss,power_wlossCap,abs_wlossCap
0,167.101,2105.973,128.57715290122687, 1928.6001209119531,69.54670269399517,1610.6371282029327
1,167.10099999999997,2105.972999999999,127.35480421585041, 1910.1482751625078,69.54670269399517,1583.230704690756
4,167.101,2107.648,128.51489829126777, 1929.1954419530166,69.54670269399517,1611.6214565457724
2,167.10100000000003,3610.706000000001,104.81448990568676, 2912.678080689655,63.44547773110623,2207.511131306763
3,164.50100000000003,3556.1060000000016,103.88030877176885, 2874.1697376390052,63.44547773110623,2194.668108144008
5,134.73999999999998,2521.18,96.62390406801191, 2178.5974999868063,69.54670269399517,1982.2240111571957
