criterion,power_ideal,abs_ideal,power_wloss,abs_wloss,power_wlossCap,abs_wlossCap
0,145.925,1883.5239999999997,114.96848862059123, 1738.892635787995,69.54670269399517,1492.4747678952665
1,145.925,1883.5239999999997,113.95660041385601, 1724.4562613030728,69.54670269399517,1484.1794633682673
4,145.925,1884.5769999999998,114.90372809321825, 1738.8679517371997,69.54670269399517,1492.843493753212
2,145.925,3202.764000000002,94.33662156914859, 2632.8218977922143,54.39243024202616,2010.5010742781105
3,145.925,3202.764000000002,94.33662156914859, 2632.8218977922143,54.39243024202616,2010.5010742781105
5,111.75600000000003,2291.3269999999984,81.93310834787158, 1999.7235365095441,69.54670269399517,1939.1274751348978
