criterion,power_ideal,abs_ideal,power_wloss,abs_wloss,power_wlossCap,abs_wlossCap
0,183.12400000000002,2274.2710000000006,138.00746739837248, 2070.2158766446496,69.54670269399517,1692.0967705626251
1,183.124,2274.2709999999997,136.88846580625463, 2052.685804619794,69.54670269399517,1649.4137696541509
4,183.12400000000002,2275.3250000000007,137.94443933200935, 2070.1405985051065,69.54670269399517,1692.6228139223601
2,183.12400000000002,3960.696999999999,111.42875919350735, 3146.170116556174,68.86375527330887,2374.75558862092
3,183.12400000000002,3960.696999999999,111.42875919350735, 3146.170116556174,68.86375527330887,2374.75558862092
