criterion,power_ideal,abs_ideal,power_wloss,abs_wloss,power_wlossCap,abs_wlossCap
0,173.291,2205.1490000000003,131.7855949972026, 2010.9823500184589,69.54670269399517,1670.1994683484315
1,173.291,2205.149,130.45668786196902, 1990.6781079314094,69.54670269399517,1626.5619998966515
4,173.291,2206.677,131.71784655590008, 2011.3172751181253,69.54670269399517,1671.1701156558215
2,173.29099999999994,3763.174000000001,106.6412980839325, 3012.3035871096918,63.77546599821232,2257.6004201170367
3,173.29099999999994,3763.174000000001,106.6412980839325, 3012.3035871096918,63.77546599821232,2257.6004201170367
5,173.291,2206.677,131.71784655590008, 2011.3172751181253,69.54670269399517,1671.1701156558215
