criterion,power_ideal,abs_ideal,power_wloss,abs_wloss,power_wlossCap,abs_wlossCap
0,174.836,2206.9600000000005,132.98851287065128, 2013.6003600055765,69.54670269399517,1667.2356169195932
1,174.836,2206.96,131.70420951495748, 1994.3926218028776,69.54670269399517,1622.8411131186683
4,174.836,2208.001,132.91548031624842, 2013.3360071061034,69.54670269399517,1667.6585826309667
2,174.83599999999996,3737.490999999998,108.18037587111131, 2999.5063564923666,64.95440537820392,2245.3697638446038
3,174.83599999999996,3737.490999999998,108.18037587111131, 2999.5063564923666,64.95440537820392,2245.3697638446038
5,174.78199999999993,3851.601999999998,103.71677500237622, 3037.5324764624443,51.53378804303061,2074.786650755429
