criterion,power_ideal,abs_ideal,power_wloss,abs_wloss,power_wlossCap,abs_wlossCap
0,162.22099999999998,2051.1169999999997,125.48785289881832, 1883.0847255480078,69.54670269399517,1579.9575976940473
1,162.221,2051.1169999999997,124.42737116676636, 1867.542527209683,69.54670269399517,1559.72745966566
4,162.22099999999998,2052.1059999999998,125.41850173433264, 1882.872380114374,69.54670269399517,1580.1758136354817
2,162.22099999999998,3671.338,97.93519611840458, 2920.6686870736203,47.60965129954024,2033.5271866025203
3,162.22099999999998,3671.338,97.93519611840458, 2920.6686870736203,47.60965129954024,2033.5271866025203
5,162.22099999999998,2497.9420000000005,116.99244303955064, 2185.7804795808433,69.54670269399517,1796.8434573571922
