criterion,power_ideal,abs_ideal,power_wloss,abs_wloss,power_wlossCap,abs_wlossCap
0,190.77799999999996,2379.1719999999987,141.9277602034778, 2156.6308680881457,69.54670269399517,1741.0930884367776
1,190.77799999999996,2379.1719999999987,140.82640595957588, 2138.9029365088068,69.54670269399517,1694.6779846081577
4,190.77799999999996,2380.685999999999,141.8608956694303, 2156.929887384662,69.54670269399517,1742.1547323942266
2,190.778,4175.6320000000005,113.44947248151422, 3283.019945229108,69.54670269399517,2450.728343906679
3,157.07800000000003,2932.5260000000007,105.63374999371312, 2459.451898061702,69.54670269399517,1889.412689259396
