criterion,power_ideal,abs_ideal,power_wloss,abs_wloss,power_wlossCap,abs_wlossCap
0,149.092,1920.358,117.05936512243558, 1770.039381444016,69.54670269399517,1514.6433676393958
1,149.092,1920.358,115.95616620839417, 1754.1790514630493,69.54670269399517,1503.5202627253316
4,149.092,1921.4170000000001,116.9906925279765, 1769.9463408238262,69.54670269399517,1514.9692349782513
2,149.092,3369.744,92.49163495661685, 2719.5111559018505,44.32044993276576,1911.5709532351252
3,149.092,3369.744,92.49163495661685, 2719.5111559018505,44.32044993276576,1911.5709532351252
5,149.092,2312.611,109.40623806276238, 2037.2847610665474,69.54670269399517,1727.5549372177127
