criterion,power_ideal,abs_ideal,power_wloss,abs_wloss,power_wlossCap,abs_wlossCap
0,177.569,2214.2270000000003,134.93442055387348, 2019.9085084960664,69.54670269399517,1666.6988606160023
1,177.569,2214.2270000000003,133.69923129733053, 2000.83726774811,69.54670269399517,1625.3024137820844
4,177.569,2215.358,133.6254337540989, 2000.6538393365126,69.54670269399517,1626.0699916901772
2,177.56899999999993,3982.845000000001,104.6959752275057, 3120.941783711451,53.48193832240627,2162.5703501208886
3,177.56899999999993,3982.845000000001,104.6959752275057, 3120.941783711451,53.48193832240627,2162.5703501208886
5,177.569,2384.0629999999996,130.39629524619426, 2113.760866208422,69.54670269399517,1697.79574552671
