criterion,power_ideal,abs_ideal,power_wloss,abs_wloss,power_wlossCap,abs_wlossCap
0,204.88499999999996,2550.6150000000002,149.64231291759248, 2297.5307047376837,69.54670269399517,1812.5478882552707
1,204.88499999999996,2550.6150000000007,148.40385806682457, 2277.0377291018694,69.54670269399517,1756.3248651225404
4,204.88499999999996,2551.7070000000003,149.5688199386978, 2297.2431226893327,69.54670269399517,1813.2555995674259
2,204.88500000000002,4449.590999999999,119.07254625932025, 3457.889127721084,69.54670269399517,2528.3494848328146
3,195.149,4274.343,116.0230257867788, 3347.154163012825,69.54670269399517,2509.0188152535957
5,204.88499999999996,2551.7070000000003,149.5688199386978, 2297.2431226893327,69.54670269399517,1813.2555995674259
