criterion,power_ideal,abs_ideal,power_wloss,abs_wloss,power_wlossCap,abs_wlossCap
0,167.49999999999997,2116.0769999999993,128.54654342100352, 1937.1404401287152,69.54670269399517,1615.5841195966555
1,167.49999999999997,2116.0769999999993,127.43593069989042, 1920.2850639484689,69.54670269399517,1588.0177157718065
4,167.49999999999997,2117.7479999999996,128.481222198531, 1937.6785682425968,69.54670269399517,1616.530468222878
2,167.49999999999994,3656.1850000000004,104.25646913042355, 2942.385985483955,62.32292758097697,2223.510824701503
3,167.49999999999994,3656.1850000000004,104.25646913042355, 2942.385985483955,62.32292758097697,2223.510824701503
