criterion,power_ideal,abs_ideal,power_wloss,abs_wloss,power_wlossCap,abs_wlossCap
0,146.93,1854.7250000000001,116.2969656262448, 1715.189243768014,69.54670269399517,1468.021843667195
1,146.93,1854.7250000000004,115.33087294871474, 1701.2379609449451,69.54670269399517,1459.948041613737
4,146.93,1856.5120000000002,116.2333741234049, 1715.9198866727563,69.54670269399517,1469.139723668781
2,146.93,3182.058,96.00216516126497, 2620.105849916278,56.58276324152378,2007.767745978849
3,139.199,2889.102,93.87753057417171, 2418.7617203513646,56.58276324152378,1861.6141263837299
5,146.93,1856.5120000000002,116.2333741234049, 1715.9198866727563,69.54670269399517,1469.139723668781
