criterion,power_ideal,abs_ideal,power_wloss,abs_wloss,power_wlossCap,abs_wlossCap
0,158.132,2031.6579999999994,122.42662312730283, 1865.0337301715972,69.54670269399517,1575.2254848454857
1,158.132,2031.6579999999997,121.3732695348574, 1849.5911758331924,69.54670269399517,1553.890667952876
4,158.132,2032.6319999999994,122.35503962981343, 1864.7790171486731,69.54670269399517,1575.4124177952547
2,158.132,3467.2300000000005,99.56076856699691, 2814.5556986964766,57.512252189218145,2122.616002865211
3,158.132,3467.2300000000005,99.56076856699691, 2814.5556986964766,57.512252189218145,2122.616002865211
5,121.161,2483.734000000001,86.96145426762997, 2146.5816519023124,69.54670269399517,2032.1502333965752
