criterion,power_ideal,abs_ideal,power_wloss,abs_wloss,power_wlossCap,abs_wlossCap
0,163.45499999999996,2093.88,125.7815360564345, 1917.3635440128276,69.54670269399517,1610.9614366826518
1,163.45499999999996,2093.88,124.5655369325259, 1899.3539714212163,69.54670269399517,1578.3462865528056
4,163.45499999999996,2094.83,125.71247314025977, 1917.1136970437017,69.54670269399517,1611.1406564769852
2,163.455,3548.282999999999,102.35423246698528, 2869.231822357132,60.15272886641875,2159.1935350675726
3,160.60500000000002,3488.4329999999995,101.32914531789102, 2827.127255843831,60.15272886641875,2145.1320527000544
