criterion,power_ideal,abs_ideal,power_wloss,abs_wloss,power_wlossCap,abs_wlossCap
0,198.96500000000003,2489.2239999999993,146.15517792820148, 2246.371988057645,69.54670269399517,1787.747786779342
1,198.96500000000003,2489.2239999999997,144.98247676389164, 2227.0782042007077,69.54670269399517,1735.2868763245915
4,198.96500000000003,2490.7269999999994,146.09021647148447, 2246.675367388927,69.54670269399517,1788.920841402848
2,198.96500000000003,4372.755000000001,116.08609679058944, 3407.1984383891063,69.54670269399517,2518.610284781959
3,189.04699999999997,4033.221000000002,113.91968704632595, 3192.3611425371746,69.54670269399517,2394.9492169853534
