criterion,power_ideal,abs_ideal,power_wloss,abs_wloss,power_wlossCap,abs_wlossCap
0,202.02399999999997,2532.678999999999,148.0807613432241, 2282.8237557748016,69.54670269399517,1810.84013001298
1,202.02399999999997,2532.678999999999,146.6727354409661, 2260.1154022653145,69.54670269399517,1748.263466983652
4,202.02399999999997,2533.7329999999993,148.00278370535892, 2282.406440476292,69.54670269399517,1811.4735976180282
2,202.02400000000003,4330.5740000000005,118.55873272723818, 3384.4113207969,69.54670269399517,2472.114440049464
3,202.02400000000003,4330.5740000000005,118.55873272723818, 3384.4113207969,69.54670269399517,2472.114440049464
