criterion,power_ideal,abs_ideal,power_wloss,abs_wloss,power_wlossCap,abs_wlossCap
0,173.78,2195.443000000001,132.35536607149712, 2003.36132051246,69.54670269399517,1661.5486758180732
1,173.78,2195.4430000000007,131.05265066538527, 1983.832175021999,69.54670269399517,1617.6931896463561
4,173.78,2196.492000000001,132.27970973009735, 2003.0602101603254,69.54670269399517,1661.9582976232493
2,173.78,3692.2979999999993,107.96785547994497, 2968.9542427894935,64.48705815903473,2213.14900833341
3,173.78,3692.2979999999993,107.96785547994497, 2968.9542427894935,64.48705815903473,2213.14900833341
5,164.41400000000002,3438.425999999999,101.63127588542005, 2761.9455446594834,51.623463796905675,1876.6719836958207
