criterion,power_ideal,abs_ideal,power_wloss,abs_wloss,power_wlossCap,abs_wlossCap
0,188.41100000000003,2346.582,140.7513369938799, 2130.1854061809026,69.54670269399517,1726.6274672261532
1,188.41100000000003,2346.582,139.6564291972001, 2112.7246713242375,69.54670269399517,1682.1391013631144
4,188.41100000000003,2347.959,140.6830473081644, 2130.3260886251696,69.54670269399517,1727.5438515435317
2,188.41100000000003,4308.952999999999,106.92321119320965, 3320.736472431223,52.53441507252577,2258.173110544816
3,188.41100000000003,3601.45,121.3375394061862, 2988.1731643631124,69.54670269399517,2429.588304069427
5,188.41100000000003,2869.9359999999992,130.6100969710255, 2467.8210180269034,69.54670269399517,1920.5613765571695
