criterion,power_ideal,abs_ideal,power_wloss,abs_wloss,power_wlossCap,abs_wlossCap
0,166.50400000000002,2137.861,127.43471010613592, 1954.3272969833984,69.54670269399517,1635.6759134025372
1,166.50400000000002,2137.861,126.23071571753734, 1936.5080732341212,69.54670269399517,1597.227038071118
4,166.50400000000002,2138.9109999999996,127.35725387387325, 1954.017604831619,69.54670269399517,1636.0851459684748
2,166.504,3765.9019999999996,98.8509420950991, 2978.424622353059,46.69120417553023,2040.690577197049
3,166.504,3765.9019999999996,98.8509420950991, 2978.424622353059,46.69120417553023,2040.690577197049
5,166.50400000000005,2589.319,118.34383021543383, 2251.322049182125,69.54670269399517,1817.9406184102068
