criterion,power_ideal,abs_ideal,power_wloss,abs_wloss,power_wlossCap,abs_wlossCap
0,165.76000000000002,2044.430999999999,128.5184765993694, 1878.5080047465385,69.54670269399517,1567.4436072289766
1,165.76000000000002,2044.4309999999998,127.43232503180354, 1862.5446858871974,69.54670269399517,1550.1847497012518
4,165.76000000000002,2045.4209999999991,128.4515622521563, 1878.3292092792876,69.54670269399517,1567.6827423759846
2,165.76000000000002,3643.9580000000005,101.79347085710563, 2908.962666231977,52.75578453444685,2046.2090863364226
3,165.76000000000002,3643.9580000000005,101.79347085710563, 2908.962666231977,52.75578453444685,2046.2090863364226
5,165.76000000000002,2190.4030000000002,124.67882273311608, 1962.8180831012007,69.54670269399517,1625.5193679774454
