criterion,power_ideal,abs_ideal,power_wloss,abs_wloss,power_wlossCap,abs_wlossCap
0,172.32800000000003,2189.6309999999994,131.23455394180445, 1998.5056421055342,69.54670269399517,1660.7937834849922
1,172.328,2189.630999999999,129.977145300666, 1979.3587531592893,69.54670269399517,1619.8848125871289
4,172.32800000000003,2191.1299999999997,131.16515879002867, 1998.7848406919284,69.54670269399517,1661.7232334367702
2,172.32800000000003,3749.5170000000003,106.15637185654836, 3003.8652270523617,63.21906196160977,2251.9308189394346
3,172.32800000000003,3749.5170000000003,106.15637185654836, 3003.8652270523617,63.21906196160977,2251.9308189394346
5,172.32800000000003,2191.1299999999997,131.16515879002867, 1998.7848406919284,69.54670269399517,1661.7232334367702
