criterion,power_ideal,abs_ideal,power_wloss,abs_wloss,power_wlossCap,abs_wlossCap
0,196.588,2454.9980000000005,145.16508784000885, 2219.446688376584,69.54670269399517,1774.5028277929073
1,196.588,2454.9980000000005,143.94860035731546, 2199.8524754447844,69.54670269399517,1721.1068469490951
4,196.588,2456.010000000001,145.08938384151537, 2219.0530005596243,69.54670269399517,1775.1187133144456
2,196.58799999999997,4459.907,110.03260061300577, 3414.4831834136257,54.215438060140734,2293.8383091047376
3,196.58799999999997,4459.907,110.03260061300577, 3414.4831834136257,54.215438060140734,2293.8383091047376
5,196.58799999999997,2986.4450000000006,134.53859526326525, 2554.4765740356656,69.54670269399517,1953.21514168208
