criterion,power_ideal,abs_ideal,power_wloss,abs_wloss,power_wlossCap,abs_wlossCap
0,157.78699999999998,1995.8109999999992,122.87603157225851, 1835.8270485652083,69.54670269399517,1548.592758491546
1,157.787,1995.811,121.79183470651347, 1820.0382856495753,69.54670269399517,1533.8459533329121
4,157.78699999999998,1996.9759999999992,122.81367788475751, 1835.9285794536177,69.54670269399517,1549.0792574826592
2,157.787,3420.310000000001,100.60801536499484, 2785.0798705031834,60.17672968908396,2127.74343981312
3,148.701,3256.7620000000006,97.09747448873321, 2673.855471505797,60.17672968908396,2109.694588124098
5,157.78699999999998,1996.9759999999992,122.81367788475751, 1835.9285794536177,69.54670269399517,1549.0792574826592
