criterion,power_ideal,abs_ideal,power_wloss,abs_wloss,power_wlossCap,abs_wlossCap
0,203.65400000000002,2540.118,148.80495997348433, 2288.4186522392465,69.54670269399517,1805.9822138646773
1,203.65400000000002,2540.118,147.62058614996727, 2268.8868994746035,69.54670269399517,1751.70009427896
4,203.65400000000002,2541.0950000000003,148.73132337074912, 2288.011583712805,69.54670269399517,1806.5703501016133
2,203.654,4659.5560000000005,111.5854703965478, 3531.503027271084,54.586027307005274,2347.8633001239887
3,203.654,4659.5560000000005,111.5854703965478, 3531.503027271084,54.586027307005274,2347.8633001239887
5,203.654,3110.6670000000004,137.44818138632573, 2644.0874112348215,69.54670269399517,1996.9606408079449
