criterion,power_ideal,abs_ideal,power_wloss,abs_wloss,power_wlossCap,abs_wlossCap
0,165.76000000000002,2044.430999999999,128.5184765993694, 1878.5080047465385,69.54670269399517,1567.4436072289766
1,165.76000000000002,2044.4309999999998,127.43232503180354, 1862.5446858871974,69.54670269399517,1550.1847497012518
4,165.76000000000002,2045.4209999999991,128.4515622521563, 1878.3292092792876,69.54670269399517,1567.6827423759846
2,165.76,3502.161,105.82766078565511, 2844.6594614214023,64.71393233863387,2162.9875829115435
3,155.85999999999999,3323.961,102.09705571645716, 2724.318946541761,64.71393233863387,2143.333690629791
5,165.76000000000002,2045.4209999999991,128.4515622521563, 1878.3292092792876,69.54670269399517,1567.6827423759846
