criterion,power_ideal,abs_ideal,power_wloss,abs_wloss,power_wlossCap,abs_wlossCap
0,166.276,2092.387,128.0702976470725, 1917.0750321233195,69.54670269399517,1602.5231744658179
1,166.27599999999995,2092.3869999999997,126.90702780099079, 1899.5566602348913,69.54670269399517,1575.937364964685
4,166.27599999999995,2093.484,128.00651526151768, 1917.066558887933,69.54670269399517,1602.912805514676
2,166.276,3580.809000000001,104.57738026720318, 2893.2739065953297,63.12280988561449,2191.0205198768836
3,160.978,3474.8490000000015,102.63996092184844, 2819.3643587477654,63.12280988561449,2170.0083527556894
5,131.618,2470.611,94.87802121408679, 2138.8637245035547,69.54670269399517,1963.3284923042813
