criterion,power_ideal,abs_ideal,power_wloss,abs_wloss,power_wlossCap,abs_wlossCap
0,166.058,2082.121,128.1330925421137, 1908.929164032227,69.54670269399517,1595.3222715163286
1,166.05800000000002,2082.121,126.93893673504849, 1891.0983826491538,69.54670269399517,1570.288431031428
4,166.058,2083.299,128.0695364722039, 1909.0045900498426,69.54670269399517,1595.794419470501
2,166.05800000000005,3709.6130000000003,100.53451971759556, 2946.633179018323,50.96852303620241,2060.6301902012146
3,166.05800000000005,3709.6130000000003,100.53451971759556, 2946.633179018323,50.96852303620241,2060.6301902012146
5,166.058,2233.094,124.01272929662974, 1993.236032940701,69.54670269399517,1642.4057744729105
