criterion,power_ideal,abs_ideal,power_wloss,abs_wloss,power_wlossCap,abs_wlossCap
0,162.35200000000003,2081.972,125.22507073379896, 1907.200310736277,69.54670269399517,1606.8782314973857
1,162.35200000000003,2081.9719999999998,123.95354059904675, 1888.515430156127,69.54670269399517,1575.1365492045913
4,162.35200000000003,2083.013,125.14760737556125, 1906.8938984424058,69.54670269399517,1607.0524426431496
2,162.352,3492.776999999999,102.28038420770868, 2831.823107868682,59.276208553722,2113.5470014696034
3,162.352,3492.776999999999,102.28038420770868, 2831.823107868682,59.276208553722,2113.5470014696034
5,162.35200000000003,2083.013,125.14760737556125, 1906.8938984424058,69.54670269399517,1607.0524426431496
