criterion,power_ideal,abs_ideal,power_wloss,abs_wloss,power_wlossCap,abs_wlossCap
0,156.16299999999995,1998.679,121.52745727185017, 1837.571557210992,69.54670269399517,1556.6908338510193
1,156.16299999999995,1998.6789999999999,120.41928714708814, 1821.5499176569742,69.54670269399517,1538.9312428566495
4,156.16299999999995,1999.707,121.4529074549637, 1837.3211490987742,69.54670269399517,1556.8994238313453
2,156.16299999999995,3383.826999999999,99.42279060166804, 2758.7945560530457,57.42762345741834,2076.48671081242
3,156.16299999999995,3383.826999999999,99.42279060166804, 2758.7945560530457,57.42762345741834,2076.48671081242
