criterion,power_ideal,abs_ideal,power_wloss,abs_wloss,power_wlossCap,abs_wlossCap
0,158.952,1973.3519999999994,124.24136960245283, 1817.5096934865176,69.54670269399517,1529.9365755513425
1,158.952,1973.3519999999994,123.15175061648631, 1801.5779243372917,69.54670269399517,1518.6184130986505
4,158.952,1974.5149999999994,124.17839354995999, 1817.595986559239,69.54670269399517,1530.4126551735667
2,158.95199999999997,3376.952,102.52318357618147, 2757.323365900208,62.35092263702098,2106.9504568149414
3,158.95199999999997,3376.952,102.52318357618147, 2757.323365900208,62.35092263702098,2106.9504568149414
5,158.952,1974.5149999999994,124.17839354995999, 1817.595986559239,69.54670269399517,1530.4126551735667
