criterion,power_ideal,abs_ideal,power_wloss,abs_wloss,power_wlossCap,abs_wlossCap
0,203.603,2504.7200000000003,149.6192868835166, 2261.0678814365074,69.54670269399517,1792.7358925715403
1,203.603,2504.7200000000007,148.3953727978134, 2240.8015107520428,69.54670269399517,1739.2370605147044
4,203.603,2505.8420000000006,149.55236009795496, 2260.939568926716,69.54670269399517,1793.5113068374594
2,203.603,4588.777,113.64662295739618, 3495.5736188862825,58.42456927715127,2350.802717544714
3,203.603,4588.777,113.64662295739618, 3495.5736188862825,58.42456927715127,2350.802717544714
5,203.60300000000004,3033.2129999999997,139.1774457850397, 2592.3870799662477,69.54670269399517,1970.8675339946074
