criterion,power_ideal,abs_ideal,power_wloss,abs_wloss,power_wlossCap,abs_wlossCap
0,195.83200000000002,2422.1479999999997,145.11903635430605, 2193.020773837348,69.54670269399517,1757.4956217127497
1,195.83200000000002,2422.1479999999997,143.99078611528697, 2174.7812823460085,69.54670269399517,1709.107363751544
4,195.83200000000002,2423.1279999999997,145.04910391599003, 2192.7132895268314,69.54670269399517,1758.1190315827337
2,195.83200000000005,4442.120999999999,110.22391125738302, 3404.593437819939,55.15600940965426,2302.1034707394906
3,195.83200000000005,4442.120999999999,110.22391125738302, 3404.593437819939,55.15600940965426,2302.1034707394906
5,195.83200000000002,2956.813,134.70596155904204, 2534.292692879912,69.54670269399517,1947.4232256136188
