criterion,power_ideal,abs_ideal,power_wloss,abs_wloss,power_wlossCap,abs_wlossCap
0,159.39000000000001,2045.4350000000009,123.50189764769551, 1876.2901617155092,69.54670269399517,1585.9332273354948
1,159.39,2045.4350000000004,122.2031388178173, 1857.2600604160962,69.54670269399517,1559.9032839219506
4,159.39000000000001,2046.5690000000009,123.4312361401374, 1876.2106993018015,69.54670269399517,1586.2905911917046
2,159.39000000000001,3438.580999999999,101.02712838037449, 2794.4439225343003,59.082979357862506,2102.2430360464077
3,149.734,3264.7729999999997,97.3544701581826, 2677.24337662347,59.082979357862506,2083.07006161487
