criterion,power_ideal,abs_ideal,power_wloss,abs_wloss,power_wlossCap,abs_wlossCap
0,164.19199999999998,2056.3690000000006,127.0024774249378, 1886.9648990869393,69.54670269399517,1580.0761098001835
1,164.192,2056.369,125.8749130912986, 1870.0709622873171,69.54670269399517,1559.408105876991
4,164.19199999999998,2057.4610000000007,126.9400879605914, 1886.9807380793623,69.54670269399517,1580.480439987223
2,164.192,3523.716,104.02172973320832, 2855.429549642999,63.06771633309624,2170.471771790096
3,155.45600000000002,3366.4680000000003,100.73043915134939, 2749.3612501489993,63.06771633309624,2153.1136447525455
5,164.19199999999998,2057.4610000000007,126.9400879605914, 1886.9807380793623,69.54670269399517,1580.480439987223
