criterion,power_ideal,abs_ideal,power_wloss,abs_wloss,power_wlossCap,abs_wlossCap
0,171.685,2217.985000000001,130.3364626343342, 2020.617486668708,69.54670269399517,1680.8844183291815
1,171.68499999999997,2217.985000000001,128.92256572838113, 1999.3960040764016,69.54670269399517,1633.3812377213212
4,171.685,2219.030000000001,128.82901972629705, 1998.7766253953675,69.54670269399517,1633.9547646561584
2,171.68499999999997,3872.7499999999995,100.89599415965259, 3047.0577877233486,48.23407199214213,2080.9470164343015
3,171.68499999999997,3872.7499999999995,100.89599415965259, 3047.0577877233486,48.23407199214213,2080.9470164343015
5,171.68499999999997,2647.0110000000004,121.21636271623689, 2293.905918302724,69.54670269399517,1830.5982479120778
