criterion,power_ideal,abs_ideal,power_wloss,abs_wloss,power_wlossCap,abs_wlossCap
0,164.08099999999996,2096.561,126.30461641181068, 1919.8648651454012,69.54670269399517,1611.6108922932747
1,164.08099999999996,2096.5609999999997,125.05978775540564, 1901.310709728095,69.54670269399517,1580.788750542001
4,164.08099999999996,2097.787,126.23704610178424, 1919.9222636154816,69.54670269399517,1612.0885332686937
2,164.08099999999996,3562.7109999999984,102.78916754344213, 2878.874943087184,60.75415460852829,2168.8314099185104
3,158.53899999999996,3451.8709999999983,100.76125452563961, 2801.705809664379,60.75415460852829,2146.8601186988553
