criterion,power_ideal,abs_ideal,power_wloss,abs_wloss,power_wlossCap,abs_wlossCap
0,145.925,1883.5239999999997,114.96848862059123, 1738.892635787995,69.54670269399517,1492.4747678952665
1,145.925,1883.5239999999997,113.95660041385601, 1724.4562613030728,69.54670269399517,1484.1794633682673
4,145.925,1884.5769999999998,114.90372809321825, 1738.8679517371997,69.54670269399517,1492.843493753212
2,145.92499999999995,3339.736000000001,90.44039732413653, 2697.531522415336,42.52362169750551,1900.4029605240567
3,145.92499999999995,3339.736000000001,90.44039732413653, 2697.531522415336,42.52362169750551,1900.4029605240567
5,145.925,2288.364,107.26847698807404, 2017.9899796000957,69.54670269399517,1723.5330714945314
