criterion,power_ideal,abs_ideal,power_wloss,abs_wloss,power_wlossCap,abs_wlossCap
0,157.78699999999998,1995.8109999999992,122.87603157225851, 1835.8270485652083,69.54670269399517,1548.592758491546
1,157.787,1995.811,121.79183470651347, 1820.0382856495753,69.54670269399517,1533.8459533329121
4,157.78699999999998,1996.9759999999992,122.81367788475751, 1835.9285794536177,69.54670269399517,1549.0792574826592
2,157.787,3568.6110000000017,96.37784923253463, 2852.9354523740817,47.558046876759974,2005.545156228085
3,157.787,3568.6110000000017,96.37784923253463, 2852.9354523740817,47.558046876759974,2005.545156228085
5,157.787,2393.8389999999986,115.1999594931945, 2105.1959830347905,69.54670269399517,1755.9112000161324
