criterion,power_ideal,abs_ideal,power_wloss,abs_wloss,power_wlossCap,abs_wlossCap
0,197.43999999999997,2497.129000000001,144.93527141809332, 2252.4375874547713,69.54670269399517,1792.0604346180808
1,197.44,2497.129000000001,143.69664217449878, 2232.5836075206234,69.54670269399517,1735.487694658296
4,197.43999999999997,2498.184000000001,144.85598295124032, 2252.01294195062,69.54670269399517,1792.6955823045482
2,197.44000000000003,4519.276999999999,108.85820524863804, 3445.5333781260924,51.74941133551833,2292.811185847211
3,197.44000000000003,4519.276999999999,108.85820524863804, 3445.5333781260924,51.74941133551833,2292.811185847211
5,197.44000000000003,3068.1599999999994,133.40417179834645, 2610.2168963782674,69.54670269399517,1982.8835234560236
