criterion,power_ideal,abs_ideal,power_wloss,abs_wloss,power_wlossCap,abs_wlossCap
0,162.05500000000006,2086.5870000000004,124.661532280512, 1911.0106781776976,69.54670269399517,1607.727292212194
1,162.05500000000006,2086.5870000000004,123.54575114909188, 1894.4889218712517,69.54670269399517,1577.1764540796553
4,162.05500000000006,2087.567,124.58859866099304, 1910.7277738123241,69.54670269399517,1607.8965029466005
2,162.05499999999998,3711.4329999999995,96.42016619745662, 2940.9619302566393,44.82352966585521,2022.2538146438292
3,162.05499999999998,3711.4329999999995,96.42016619745662, 2940.9619302566393,44.82352966585521,2022.2538146438292
5,162.05500000000004,2541.562999999999,115.69194204532599, 2213.870681430805,69.54670269399517,1806.7898552029562
