criterion,power_ideal,abs_ideal,power_wloss,abs_wloss,power_wlossCap,abs_wlossCap
0,202.02399999999997,2532.678999999999,148.0807613432241, 2282.8237557748016,69.54670269399517,1810.84013001298
1,202.02399999999997,2532.678999999999,146.6727354409661, 2260.1154022653145,69.54670269399517,1748.263466983652
4,202.024,2533.7329999999997,146.58021996308818, 2259.417560691645,69.54670269399517,1747.0874106329893
2,202.024,4532.708000000001,112.5308103395007, 3460.8436045674634,56.35438392747371,2313.1227667947105
3,202.024,4532.708000000001,112.5308103395007, 3460.8436045674634,56.35438392747371,2313.1227667947105
5,202.02400000000003,3040.917,137.49621027788794, 2595.50808868852,69.54670269399517,1963.7062615436544
