criterion,power_ideal,abs_ideal,power_wloss,abs_wloss,power_wlossCap,abs_wlossCap
0,151.582,1963.2659999999983,118.27587754374781, 1806.9063998014424,69.54670269399517,1537.9263472310438
1,151.58200000000002,1963.265999999999,117.22383718125201, 1791.5311720199663,69.54670269399517,1525.4064830385057
4,151.582,1965.2629999999986,118.2124087717214, 1807.8388438648294,69.54670269399517,1539.2470634865886
2,151.58200000000002,3377.1960000000013,96.06624500098131, 2751.136865237803,55.41598003928891,2095.81873728087
3,143.78700000000003,3080.0040000000017,94.05823070997457, 2550.075227162585,55.41598003928891,1952.3442151624185
