criterion,power_ideal,abs_ideal,power_wloss,abs_wloss,power_wlossCap,abs_wlossCap
0,178.593,2269.1059999999998,134.71437268437327, 2065.192442522017,69.54670269399517,1698.0783818119285
1,178.593,2269.1059999999993,133.4825120058477, 2046.4066792733615,69.54670269399517,1652.4749402069106
4,178.593,2270.1419999999994,134.63868108575437, 2064.869501322687,69.54670269399517,1698.6005190248156
2,178.593,4060.194999999999,103.28287903352005, 3166.8048424057924,49.62567747842126,2159.265365668954
3,178.593,4060.194999999999,103.28287903352005, 3166.8048424057924,49.62567747842126,2159.265365668954
5,178.593,2745.7619999999997,125.10474411737917, 2372.832871066016,69.54670269399517,1872.2148396063224
