criterion,power_ideal,abs_ideal,power_wloss,abs_wloss,power_wlossCap,abs_wlossCap
0,166.276,2092.387,128.0702976470725, 1917.0750321233195,69.54670269399517,1602.5231744658179
1,166.27599999999995,2092.3869999999997,126.90702780099079, 1899.5566602348913,69.54670269399517,1575.937364964685
4,166.27599999999995,2093.484,128.00651526151768, 1917.066558887933,69.54670269399517,1602.912805514676
2,166.27599999999995,3735.5960000000014,100.11437422420984, 2961.694617245691,50.057296895739285,2062.0994296923022
3,166.27599999999995,3735.5960000000014,100.11437422420984, 2961.694617245691,50.057296895739285,2062.0994296923022
5,166.27599999999995,2500.2269999999994,119.98052276478073, 2186.660817062337,69.54670269399517,1786.9556261564087
