criterion,power_ideal,abs_ideal,power_wloss,abs_wloss,power_wlossCap,abs_wlossCap
0,157.76700000000002,2070.100000000001,121.54574450584943, 1895.771955908556,69.54670269399517,1607.1869005081014
1,157.76700000000002,2070.100000000001,120.33672486444408, 1878.1542198150723,69.54670269399517,1573.4698668584144
4,157.76700000000002,2071.145000000001,121.46619143735448, 1895.446183868313,69.54670269399517,1607.3511315801704
2,157.76699999999997,3476.6359999999995,98.42634323751523, 2817.3490883954137,55.015597756926475,2097.1484671178146
3,157.76699999999997,3476.6359999999995,98.42634323751523, 2817.3490883954137,55.015597756926475,2097.1484671178146
5,121.30000000000003,2532.3650000000002,86.07728509570032, 2178.6898502536674,69.54670269399517,2056.9321408579235
