criterion,power_ideal,abs_ideal,power_wloss,abs_wloss,power_wlossCap,abs_wlossCap
0,185.96400000000003,2375.4300000000007,138.75857355533543, 2151.7379255038395,69.54670269399517,1749.849053434926
1,185.96400000000003,2375.4300000000007,137.26825918618096, 2128.5568233287822,69.54670269399517,1692.938518384137
4,185.96400000000003,2376.4760000000006,138.67931110884444, 2151.335860075973,69.54670269399517,1750.4830185527549
2,185.96400000000008,4005.6250000000014,111.65841253466911, 3171.4553504097635,66.41003471292618,2331.762903910935
3,185.96400000000008,4005.6250000000014,111.65841253466911, 3171.4553504097635,66.41003471292618,2331.762903910935
