criterion,power_ideal,abs_ideal,power_wloss,abs_wloss,power_wlossCap,abs_wlossCap
0,158.964,2039.1020000000003,123.05701104528244, 1871.7502784760604,69.54670269399517,1579.421165780395
1,158.964,2039.1019999999999,121.95789138755387, 1855.6479688103288,69.54670269399517,1557.6498511710392
4,158.964,2040.208,122.98433312890823, 1871.6109052288305,69.54670269399517,1579.7307656865976
2,158.96400000000003,3625.1920000000005,95.80464678783224, 2887.6574842276086,45.208137481505844,2001.3824879001834
3,158.96400000000003,3625.1920000000005,95.80464678783224, 2887.6574842276086,45.208137481505844,2001.3824879001834
5,158.96400000000003,2479.1169999999993,114.51823510175787, 2168.1646722132864,69.54670269399517,1788.4344307933466
