criterion,power_ideal,abs_ideal,power_wloss,abs_wloss,power_wlossCap,abs_wlossCap
0,189.255,2318.195,142.00402491790427, 2107.871609479471,69.54670269399517,1710.4592105469148
1,189.255,2318.195,140.90298440190153, 2090.1885822575864,69.54670269399517,1667.9484758326357
4,189.255,2320.1240000000003,141.94173611033617, 2108.6745444836315,69.54670269399517,1711.8625321449067
2,189.25500000000002,4271.47,108.99278053397987, 3302.4803591195096,56.149823783611005,2269.778765672774
3,189.255,3573.935000000001,122.79335551558098, 2967.8780596282195,69.54670269399517,2422.474414775254
5,189.25499999999997,2810.513999999999,132.62820688957353, 2427.988516751779,69.54670269399517,1900.8652334729618
