criterion,power_ideal,abs_ideal,power_wloss,abs_wloss,power_wlossCap,abs_wlossCap
0,192.22899999999998,2426.7979999999993,142.34813771140972, 2195.514897447846,69.54670269399517,1763.8994871263542
1,192.22899999999998,2426.7979999999993,141.1115718693035, 2176.0121050152943,69.54670269399517,1710.7224302735397
4,192.22899999999998,2427.8449999999993,142.27104178917224, 2195.137866852752,69.54670269399517,1764.5426442571134
2,192.22899999999996,4171.084999999998,113.88937002572781, 3281.4672323815444,68.68976555065726,2427.4359781709027
3,192.22899999999996,4171.084999999998,113.88937002572781, 3281.4672323815444,68.68976555065726,2427.4359781709027
