criterion,power_ideal,abs_ideal,power_wloss,abs_wloss,power_wlossCap,abs_wlossCap
0,150.47699999999998,1921.8799999999987,118.08157078659612, 1772.2798236606016,69.54670269399517,1510.570166101563
1,150.47699999999998,1921.8799999999987,117.07383325574781, 1757.7707330563724,69.54670269399517,1500.9784687756942
4,150.47699999999998,1922.8559999999989,118.01592749661532, 1772.152885183954,69.54670269399517,1510.84451019211
2,150.477,3278.9430000000016,96.89098104770034, 2686.9640956751705,56.57717305843309,2048.8495706023455
3,150.477,3278.9430000000016,96.89098104770034, 2686.9640956751705,56.57717305843309,2048.8495706023455
