criterion,power_ideal,abs_ideal,power_wloss,abs_wloss,power_wlossCap,abs_wlossCap
0,174.34,2205.343999999999,132.67018840570867, 2011.596205776495,69.54670269399517,1668.6504448002927
1,174.33999999999997,2205.343999999999,131.33319579515134, 1991.290649795678,69.54670269399517,1625.182244132308
4,174.34,2206.3519999999994,132.59520503770278, 2011.2756580005912,69.54670269399517,1669.0348460647172
2,174.33999999999997,3735.609,107.84181402634258, 2995.792439686427,64.26965024930485,2231.2110449524002
3,164.25599999999997,3554.096999999999,104.24679266592663, 2876.0872004324015,64.26965024930485,2211.194607187942
5,174.34,2206.3519999999994,132.59520503770278, 2011.2756580005912,69.54670269399517,1669.0348460647172
