criterion,power_ideal,abs_ideal,power_wloss,abs_wloss,power_wlossCap,abs_wlossCap
0,186.28000000000003,2358.9290000000005,139.1764610571113, 2139.358931314411,69.54670269399517,1737.8845625100084
1,186.28,2358.929,137.82702179349417, 2118.370837594244,69.54670269399517,1685.8500924137609
4,186.28,2359.9850000000006,139.0975686779269, 2138.9736691093826,69.54670269399517,1738.5312806312918
2,186.28,4190.157999999999,106.73578160926031, 3249.2575807614135,52.224816338196476,2200.455857064284
3,186.28,4190.157999999999,106.73578160926031, 3249.2575807614135,52.224816338196476,2200.455857064284
5,186.27999999999997,2836.8899999999994,129.26435413640516, 2440.9561503150185,69.54670269399517,1896.1766717910527
