criterion,power_ideal,abs_ideal,power_wloss,abs_wloss,power_wlossCap,abs_wlossCap
0,163.679,2031.7300000000007,126.98303204607252, 1867.2225241830322,69.54670269399517,1562.0486879884438
1,163.679,2031.7300000000007,125.93451265071721, 1851.8146199351283,69.54670269399517,1545.148473238985
4,163.679,2032.6880000000006,126.91781192370627, 1867.0477137051503,69.54670269399517,1562.2799449417969
2,163.67899999999997,3485.2200000000007,104.35694033417205, 2832.1217736476356,63.44809804336852,2157.0917131066376
3,154.099,3312.7800000000016,100.72688428931197, 2715.4863793450395,63.44809804336852,2138.068560242812
5,163.679,2032.6880000000006,126.91781192370627, 1867.0477137051503,69.54670269399517,1562.2799449417969
