criterion,power_ideal,abs_ideal,power_wloss,abs_wloss,power_wlossCap,abs_wlossCap
0,188.46599999999998,2345.106,140.75332423268907, 2128.3963040135322,69.54670269399517,1723.7194555942108
1,188.46599999999998,2345.1059999999993,139.66994319174933, 2111.1318809182653,69.54670269399517,1679.2100444034957
4,188.46599999999998,2346.006,140.6879310665272, 2128.1079479552286,69.54670269399517,1724.1740359936316
2,188.46599999999998,4098.607999999998,112.99571588032724, 3234.8178800441947,69.54670269399517,2426.104503852115
3,183.06599999999995,3990.6079999999974,111.20593893764548, 3161.606055742935,69.54670269399517,2404.6913055522296
