criterion,power_ideal,abs_ideal,power_wloss,abs_wloss,power_wlossCap,abs_wlossCap
0,180.43200000000002,2250.267,136.59061774967722, 2050.3743939973174,69.54670269399517,1684.0190342589099
1,180.43200000000002,2250.267,135.31492941229544, 2031.0212901327343,69.54670269399517,1637.8235140719291
4,180.43200000000002,2251.3139999999994,136.5172469391089, 2050.0951458846157,69.54670269399517,1684.5616633825412
2,180.43200000000002,3825.077,111.18091343822884, 3058.84435363151,67.7082693660105,2286.590328740166
3,180.43200000000002,3825.077,111.18091343822884, 3058.84435363151,67.7082693660105,2286.590328740166
