criterion,power_ideal,abs_ideal,power_wloss,abs_wloss,power_wlossCap,abs_wlossCap
0,167.101,2105.973,128.57715290122687, 1928.6001209119531,69.54670269399517,1610.6371282029327
1,167.10099999999997,2105.972999999999,127.35480421585041, 1910.1482751625078,69.54670269399517,1583.230704690756
4,167.10099999999997,2107.6479999999992,127.27990709531606, 1910.5188662520666,69.54670269399517,1584.5472014976738
2,167.10100000000006,3763.9540000000015,100.39782667673528, 2980.4288440823893,50.53702320347199,2080.123493755124
3,167.10100000000006,3763.9540000000015,100.39782667673528, 2980.4288440823893,50.53702320347199,2080.123493755124
5,167.101,2515.209,120.42641639795708, 2198.13795212832,69.54670269399517,1795.23087493705
