criterion,power_ideal,abs_ideal,power_wloss,abs_wloss,power_wlossCap,abs_wlossCap
0,198.23100000000002,2472.8880000000013,146.043075577438, 2234.032562843884,69.54670269399517,1778.8952293731213
1,198.23100000000002,2472.888000000001,144.84704620758959, 2214.8956137423925,69.54670269399517,1725.6841990141368
4,198.23100000000002,2473.933000000001,145.96707149445015, 2233.657253015336,69.54670269399517,1779.537016586357
2,198.23100000000002,4485.611999999999,110.62105551493251, 3429.9982802219856,54.45460147407078,2302.511216870469
3,198.23100000000002,4485.611999999999,110.62105551493251, 3429.9982802219856,54.45460147407078,2302.511216870469
5,198.23100000000002,3013.109000000001,135.2467706612098, 2574.461739065803,69.54670269399517,1960.4868417392506
