criterion,power_ideal,abs_ideal,power_wloss,abs_wloss,power_wlossCap,abs_wlossCap
0,155.95699999999997,1945.04,122.27790797499743, 1793.1091784973685,69.54670269399517,1515.5046234891345
1,155.957,1945.04,121.19386830119524, 1777.4009227026688,69.54670269399517,1505.4556187427809
4,155.95699999999997,1946.0400000000002,122.21715306974579, 1793.0766191073035,69.54670269399517,1515.8465727196224
2,155.95700000000002,3456.1259999999997,97.2100749084741, 2782.1276567277127,49.8771465814602,1975.794024110961
3,155.95700000000002,3456.1259999999997,97.2100749084741, 2782.1276567277127,49.8771465814602,1975.794024110961
5,155.95699999999997,2082.5670000000005,118.60515196563807, 1872.8316808076843,69.54670269399517,1586.1126853511698
