criterion,power_ideal,abs_ideal,power_wloss,abs_wloss,power_wlossCap,abs_wlossCap
0,194.20700000000005,2428.425,143.59017848817203, 2196.406274283478,69.54670269399517,1761.013174786262
1,194.20700000000005,2428.425,142.4850480764483, 2178.3764129342976,69.54670269399517,1712.5683326352046
4,194.20700000000002,2429.7580000000003,143.5255032494393, 2196.5570817514504,69.54670269399517,1762.0222449024147
2,194.207,4490.235000000001,107.77758050104448, 3426.5835589485455,52.254120524820976,2302.3014526118623
3,194.20699999999997,3735.2939999999994,122.86374074298442, 3073.6194589688603,69.54670269399517,2461.0620562229296
5,194.207,3720.239,120.02423733135532, 3008.3358512433165,69.54670269399517,2358.1505943386233
