criterion,power_ideal,abs_ideal,power_wloss,abs_wloss,power_wlossCap,abs_wlossCap
0,171.519,2131.2729999999997,131.52434622816932, 1951.307283608191,69.54670269399517,1618.640892872433
1,171.519,2131.273,130.44185353081696, 1935.1441249686754,69.54670269399517,1588.3624417347162
4,171.519,2132.2749999999996,131.45511841233844, 1951.0851458444029,69.54670269399517,1618.8540409576412
2,171.51899999999995,3657.2819999999997,107.46940115551286, 2948.4138433254793,65.31615271979167,2228.2665708471804
3,165.505,3537.0020000000004,105.31943300654208, 2865.073053336781,65.31615271979167,2204.4421161072055
