criterion,power_ideal,abs_ideal,power_wloss,abs_wloss,power_wlossCap,abs_wlossCap
0,160.53699999999998,2080.349999999999,123.49554102860645, 1905.5997184709672,69.54670269399517,1605.3744249084855
1,160.53699999999998,2080.349999999999,122.40435700441097, 1889.431090692931,69.54670269399517,1576.4020692461725
4,160.53699999999995,2081.386999999999,123.4270561191793, 1905.462001026637,69.54670269399517,1605.6602782516895
2,160.53699999999995,3562.7780000000016,99.73653209508754, 2877.3669772994967,57.53487862072201,2169.906690187127
3,160.53699999999995,3562.7780000000016,99.73653209508754, 2877.3669772994967,57.53487862072201,2169.906690187127
5,160.53699999999995,2081.386999999999,123.4270561191793, 1905.462001026637,69.54670269399517,1605.6602782516895
