criterion,power_ideal,abs_ideal,power_wloss,abs_wloss,power_wlossCap,abs_wlossCap
0,175.02799999999996,2217.5360000000005,132.92136987481717, 2022.1672461052583,69.54670269399517,1673.2602138338034
1,175.028,2217.536,131.64207644265127, 2002.9813629119963,69.54670269399517,1628.0056982793215
4,175.028,2218.568000000001,132.84836285208053, 2021.8943563875205,69.54670269399517,1673.6745423880823
2,175.02799999999993,3756.016,107.92138475373594, 3011.2709405871883,64.56923688073722,2252.2707179445856
3,175.02799999999993,3756.016,107.92138475373594, 3011.2709405871883,64.56923688073722,2252.2707179445856
