criterion,power_ideal,abs_ideal,power_wloss,abs_wloss,power_wlossCap,abs_wlossCap
0,170.741,2143.229,130.77474700726106, 1960.0310140765503,69.54670269399517,1630.1139616929613
1,170.74100000000004,2143.2290000000003,129.57634093191567, 1941.753435609493,69.54670269399517,1598.0702198946121
4,170.74100000000004,2144.705,130.70844428039527, 1960.347657481268,69.54670269399517,1630.8468615213728
2,170.74099999999999,3834.558,101.92724274734877, 3026.1096525696257,51.161124392737506,2098.96248394889
3,170.74099999999999,3834.558,101.92724274734877, 3026.1096525696257,51.161124392737506,2098.96248394889
5,170.741,2300.1380000000004,126.5040135784459, 2046.6999454401791,69.54670269399517,1667.9213257905428
