criterion,power_ideal,abs_ideal,power_wloss,abs_wloss,power_wlossCap,abs_wlossCap
0,163.45499999999996,2093.88,125.7815360564345, 1917.3635440128276,69.54670269399517,1610.9614366826518
1,163.45499999999996,2093.88,124.5655369325259, 1899.3539714212163,69.54670269399517,1578.3462865528056
4,163.45499999999996,2094.83,125.71247314025977, 1917.1136970437017,69.54670269399517,1611.1406564769852
2,163.45500000000004,3702.230000000001,97.87377799516455, 2936.9824817790395,47.06667134480466,2030.8189126585326
3,163.45500000000004,3702.230000000001,97.87377799516455, 2936.9824817790395,47.06667134480466,2030.8189126585326
5,163.45499999999996,2515.2799999999997,117.23566646372723, 2194.2961202764145,69.54670269399517,1790.4651628804468
