criterion,power_ideal,abs_ideal,power_wloss,abs_wloss,power_wlossCap,abs_wlossCap
0,150.47699999999998,1921.8799999999987,118.08157078659612, 1772.2798236606016,69.54670269399517,1510.570166101563
1,150.47699999999998,1921.8799999999987,117.07383325574781, 1757.7707330563724,69.54670269399517,1500.9784687756942
4,150.47699999999998,1922.8559999999989,118.01592749661532, 1772.152885183954,69.54670269399517,1510.84451019211
2,150.47699999999998,3419.1440000000016,92.89554270256872, 2752.39399818547,44.4978951437575,1935.1948934259526
3,150.47699999999998,3419.1440000000016,92.89554270256872, 2752.39399818547,44.4978951437575,1935.1948934259526
5,150.47699999999998,2334.6519999999987,110.2725852844141, 2056.168604199833,69.54670269399517,1739.1766109980656
