criterion,power_ideal,abs_ideal,power_wloss,abs_wloss,power_wlossCap,abs_wlossCap
0,187.56699999999998,2308.1710000000003,140.8938604772772, 2099.1104755829087,69.54670269399517,1706.711499201094
1,187.56699999999998,2308.171,139.7719949863635, 2081.2462026080234,69.54670269399517,1663.1660313977052
4,187.56699999999998,2309.35,140.83169084942242, 2099.166986756243,69.54670269399517,1707.3655525827576
2,187.56699999999998,4223.236999999999,108.300911220194, 3271.896329054495,55.48470771918889,2247.122458314544
3,187.56699999999998,4223.236999999999,108.300911220194, 3271.896329054495,55.48470771918889,2247.122458314544
5,187.567,2792.6060000000007,131.52668116687133, 2413.0294460379437,69.54670269399517,1891.0686698558486
