criterion,power_ideal,abs_ideal,power_wloss,abs_wloss,power_wlossCap,abs_wlossCap
0,173.78,2195.443000000001,132.35536607149712, 2003.36132051246,69.54670269399517,1661.5486758180732
1,173.78,2195.4430000000007,131.05265066538527, 1983.832175021999,69.54670269399517,1617.6931896463561
4,173.78,2196.492000000001,132.27970973009735, 2003.0602101603254,69.54670269399517,1661.9582976232493
2,173.78000000000006,3845.178000000001,103.49451338934539, 3034.3589859790836,51.623463796905675,2085.849887673669
3,173.78000000000006,3845.178000000001,103.49451338934539, 3034.3589859790836,51.623463796905675,2085.849887673669
5,173.78,2627.013000000001,125.868182397926, 2324.36909027121,69.54670269399517,1888.7429334840863
