criterion,power_ideal,abs_ideal,power_wloss,abs_wloss,power_wlossCap,abs_wlossCap
0,151.582,1963.2659999999983,118.27587754374781, 1806.9063998014424,69.54670269399517,1537.9263472310438
1,151.58200000000002,1963.265999999999,117.22383718125201, 1791.5311720199663,69.54670269399517,1525.4064830385057
4,151.582,1965.2629999999986,118.21240877172141, 1807.8388438648294,69.54670269399517,1539.2470634865886
2,151.58200000000002,3528.0700000000006,91.72250213743017, 2820.2180742227,42.431158593060836,1970.501296211487
3,151.58200000000002,2958.246,103.50796998006327, 2527.100421370062,69.54670269399517,2185.5397147373305
5,151.58200000000002,2962.228,100.77075072359824, 2486.1774552270967,69.54670269399517,2097.9707297346276
