criterion,power_ideal,abs_ideal,power_wloss,abs_wloss,power_wlossCap,abs_wlossCap
0,174.38600000000002,2183.835000000001,133.02738733810506, 1994.4265271688398,69.54670269399517,1653.2022070647688
1,174.38600000000002,2183.8350000000005,131.76722678169793, 1975.3729665309536,69.54670269399517,1612.338132189364
4,174.38600000000002,2184.821000000001,132.95689056810167, 1994.1580945993626,69.54670269399517,1653.5968315890716
2,174.386,3708.551999999998,108.56773928935378, 2980.5738475675125,65.79899145022803,2235.9849757011107
3,174.386,3708.551999999998,108.56773928935378, 2980.5738475675125,65.79899145022803,2235.9849757011107
5,174.38600000000002,2184.821000000001,132.95689056810167, 1994.1580945993626,69.54670269399517,1653.5968315890716
