criterion,power_ideal,abs_ideal,power_wloss,abs_wloss,power_wlossCap,abs_wlossCap
0,156.47100000000003,2005.699,121.44685560592211, 1843.1375085743996,69.54670269399517,1557.985502831593
1,156.47100000000003,2005.6989999999998,120.45873445509048, 1828.5578459263418,69.54670269399517,1541.935096450663
4,156.47100000000003,2006.9550000000002,121.38146008613293, 1843.2841161913036,69.54670269399517,1558.5347708601862
2,156.47100000000003,3456.2529999999992,98.67828027459487, 2806.8369351107012,57.51699060367878,2133.273433455921
3,150.84100000000004,3236.6829999999977,97.29409576651585, 2658.8805296252162,57.51699060367878,2026.1550096199828
5,124.34899999999998,2584.0879999999997,87.93943592774161, 2216.360475789118,69.54670269399517,2081.5912480453862
