criterion,power_ideal,abs_ideal,power_wloss,abs_wloss,power_wlossCap,abs_wlossCap
0,188.41100000000003,2346.582,140.7513369938799, 2130.1854061809026,69.54670269399517,1726.6274672261532
1,188.41100000000003,2346.582,139.6564291972001, 2112.7246713242375,69.54670269399517,1682.1391013631144
4,188.41100000000003,2347.959,140.6830473081644, 2130.3260886251696,69.54670269399517,1727.5438515435317
2,188.41100000000006,4106.77,112.87201083699367, 3239.986850317308,69.1611785890866,2424.486332213074
3,178.45500000000004,3728.2180000000003,110.86500923131386, 3000.3472604442522,69.1611785890866,2259.4041304351513
5,188.41100000000003,2347.959,140.6830473081644, 2130.3260886251696,69.54670269399517,1727.5438515435317
