criterion,power_ideal,abs_ideal,power_wloss,abs_wloss,power_wlossCap,abs_wlossCap
0,188.46599999999998,2345.106,140.75332423268907, 2128.3963040135322,69.54670269399517,1723.7194555942108
1,188.46599999999998,2345.1059999999993,139.66994319174933, 2111.1318809182653,69.54670269399517,1679.2100444034957
4,188.46599999999998,2346.006,140.6879310665272, 2128.1079479552286,69.54670269399517,1724.1740359936316
2,188.46600000000004,4306.437999999999,106.89796823817177, 3317.674516654998,52.586724371101496,2255.450710962046
3,188.46600000000004,4306.437999999999,106.89796823817177, 3317.674516654998,52.586724371101496,2255.450710962046
5,188.46599999999998,2871.305,130.53428237578578, 2467.448759947054,69.54670269399517,1918.8444898417954
