criterion,power_ideal,abs_ideal,power_wloss,abs_wloss,power_wlossCap,abs_wlossCap
0,154.48700000000005,2005.7569999999998,119.98815718874002, 1842.7299444793878,69.54670269399517,1565.2200228195197
1,154.48700000000002,2005.7569999999998,118.8679327170926, 1826.4915488829715,69.54670269399517,1545.1457689411586
4,154.48700000000005,2006.831,119.91587637359511, 1842.57613974818,69.54670269399517,1565.50993856496
2,154.487,3402.254,97.5778161491026, 2768.9249289310164,55.61142658429325,2086.022710871294
3,154.487,3402.254,97.5778161491026, 2768.9249289310164,55.61142658429325,2086.022710871294
