criterion,power_ideal,abs_ideal,power_wloss,abs_wloss,power_wlossCap,abs_wlossCap
0,158.132,2031.6579999999994,122.42662312730283, 1865.0337301715972,69.54670269399517,1575.2254848454857
1,158.132,2031.6579999999997,121.3732695348574, 1849.5911758331924,69.54670269399517,1553.890667952876
4,158.132,2032.6319999999994,122.35503962981343, 1864.7790171486731,69.54670269399517,1575.4124177952547
2,158.132,3621.1130000000007,95.08857796242043, 2883.238282292837,44.322070370952765,1994.3059753731889
3,158.132,3621.1130000000007,95.08857796242043, 2883.238282292837,44.322070370952765,1994.3059753731889
5,158.132,2477.5179999999996,113.80862987328095, 2165.88386330014,69.54670269399517,1787.437814988766
