criterion,power_ideal,abs_ideal,power_wloss,abs_wloss,power_wlossCap,abs_wlossCap
0,161.26899999999998,2041.8950000000011,125.07904893678416, 1874.1497273510909,69.54670269399517,1579.6056539449555
1,161.269,2041.8950000000013,123.81425015298723, 1855.7712215878282,69.54670269399517,1553.7953864296476
4,161.26899999999998,2042.927000000001,125.00595523389686, 1873.9110489875466,69.54670269399517,1579.820230002734
2,161.26899999999992,3545.110999999999,99.24929503762503, 2840.9909027199296,49.982664668352776,1985.7324222128234
3,161.26899999999992,3545.110999999999,99.24929503762503, 2840.9909027199296,49.982664668352776,1985.7324222128234
5,161.26899999999995,2427.25,119.44234621420091, 2166.9032647611034,69.54670269399517,1799.3513723572585
