criterion,power_ideal,abs_ideal,power_wloss,abs_wloss,power_wlossCap,abs_wlossCap
0,177.408,2200.0080000000007,134.89525051189358, 2008.8010781166483,69.54670269399517,1653.505652132291
1,177.408,2200.0080000000007,133.82270875062738, 1992.1433093951155,69.54670269399517,1620.340771187882
4,177.408,2201.7680000000005,134.83405147873412, 2009.4801733891052,69.54670269399517,1654.5724704978604
2,177.40800000000004,4028.5670000000005,104.0021966735567, 3149.0463344848326,52.39480496106517,2181.677602144876
3,177.40800000000004,4028.5670000000005,104.0021966735567, 3149.0463344848326,52.39480496106517,2181.677602144876
5,177.408,2665.6830000000004,126.02708970178827, 2316.413208625051,69.54670269399517,1852.818580484826
