criterion,power_ideal,abs_ideal,power_wloss,abs_wloss,power_wlossCap,abs_wlossCap
0,199.698,2507.2960000000003,146.50138532288523, 2261.7433142251793,69.54670269399517,1796.859958820962
1,199.698,2507.2960000000007,145.2796018785583, 2241.870215991921,69.54670269399517,1741.7380751611233
4,199.69799999999998,2508.288,146.42699290884823, 2261.3469150701612,69.54670269399517,1797.4614568889388
2,199.698,4581.169000000001,109.96444473768103, 3484.651299831455,53.309631586700675,2324.9561997096303
3,199.698,4581.169000000001,109.96444473768103, 3484.651299831455,53.309631586700675,2324.9561997096303
5,199.69799999999995,3066.653,135.29816845794815, 2611.4765395360982,69.54670269399517,1983.715208381547
