criterion,power_ideal,abs_ideal,power_wloss,abs_wloss,power_wlossCap,abs_wlossCap
0,164.90400000000002,2038.6849999999997,127.88394037341006, 1873.2350253984919,69.54670269399517,1563.586332654062
1,164.90400000000002,2038.6849999999997,126.81115525107155, 1857.2956946419827,69.54670269399517,1547.9956104878358
4,164.90400000000002,2039.9429999999998,127.8248982476086, 1873.4733152518324,69.54670269399517,1564.1929252364594
2,164.90400000000002,3521.311000000002,105.02344626872551, 2856.301136611296,64.83193791447908,2189.4971517232093
3,164.90400000000002,3521.311000000002,105.02344626872551, 2856.301136611296,64.83193791447908,2189.4971517232093
5,164.90400000000002,2039.9429999999998,127.8248982476086, 1873.4733152518324,69.54670269399517,1564.1929252364594
