criterion,power_ideal,abs_ideal,power_wloss,abs_wloss,power_wlossCap,abs_wlossCap
0,159.41299999999995,2031.2090000000003,123.64125303363542, 1864.5560354810702,69.54670269399517,1575.130956546845
1,159.41299999999995,2031.2089999999994,122.44655623850377, 1847.2075383589452,69.54670269399517,1549.5259225814962
4,159.41299999999995,2032.2330000000002,123.5676864098786, 1864.306794804393,69.54670269399517,1575.3365843192726
2,159.413,3403.347999999999,101.53314323983739, 2772.626489260277,59.45806431940176,2082.9346032197795
3,154.29500000000002,3298.940999999999,99.63332740891059, 2699.1563481693956,59.45806431940176,2060.665795494255
