criterion,power_ideal,abs_ideal,power_wloss,abs_wloss,power_wlossCap,abs_wlossCap
0,167.49999999999997,2116.0769999999993,128.54654342100352, 1937.1404401287152,69.54670269399517,1615.5841195966555
1,167.49999999999997,2116.0769999999993,127.43593069989042, 1920.2850639484689,69.54670269399517,1588.0177157718065
4,167.49999999999997,2117.7479999999996,128.481222198531, 1937.6785682425968,69.54670269399517,1616.530468222878
2,167.49999999999994,3820.380000000001,99.4896301906979, 3013.888245539153,48.4643741819538,2087.047172919798
3,167.49999999999994,3820.380000000001,99.4896301906979, 3013.888245539153,48.4643741819538,2087.047172919798
5,167.5,2561.927,119.84996201207318, 2232.51488852636,69.54670269399517,1813.8508770033018
