criterion,power_ideal,abs_ideal,power_wloss,abs_wloss,power_wlossCap,abs_wlossCap
0,194.72399999999996,2388.348,144.95149326308214, 2165.837771979857,69.54670269399517,1741.9337123021567
1,194.724,2388.348,143.81816037711073, 2147.5877760412673,69.54670269399517,1694.8113477698082
4,194.724,2389.277,144.88473097683817, 2165.5359932510214,69.54670269399517,1742.398919770122
2,194.72400000000002,4164.861000000001,116.9413549533418, 3281.436497811629,69.54670269399517,2446.694564239705
3,194.72400000000002,4164.861000000001,116.9413549533418, 3281.436497811629,69.54670269399517,2446.694564239705
5,194.724,2389.277,144.88473097683817, 2165.5359932510214,69.54670269399517,1742.398919770122
