criterion,power_ideal,abs_ideal,power_wloss,abs_wloss,power_wlossCap,abs_wlossCap
0,149.28499999999994,1914.7899999999993,117.21575917031771, 1766.0288133404965,69.54670269399517,1508.2817272269558
1,149.28499999999994,1914.7899999999993,116.21925112369986, 1751.790123089744,69.54670269399517,1498.7299732384251
4,149.28499999999994,1915.750999999999,117.14740658045329, 1765.8373932565758,69.54670269399517,1508.5074258139548
2,149.285,3256.169000000001,96.17769016322916, 2671.163159299674,55.60182841382017,2031.6889902481819
3,149.285,3256.169000000001,96.17769016322916, 2671.163159299674,55.60182841382017,2031.6889902481819
