criterion,power_ideal,abs_ideal,power_wloss,abs_wloss,power_wlossCap,abs_wlossCap
0,167.80999999999997,2131.7389999999996,128.7210732701337, 1950.1974821610313,69.54670269399517,1629.7688606081708
1,167.80999999999997,2131.7389999999996,127.45419650658594, 1931.5174407943064,69.54670269399517,1592.8884889011051
4,167.81,2132.793,128.64582414918814, 1949.926409949994,69.54670269399517,1629.9681751845171
2,167.80999999999997,3750.7769999999996,100.59469723366216, 2972.6844543911106,49.4194006638435,2054.8292582326276
3,167.80999999999997,3750.7769999999996,100.59469723366216, 2972.6844543911106,49.4194006638435,2054.8292582326276
5,167.81,2549.260999999999,120.24647593548794, 2224.0980731266063,69.54670269399517,1800.557446912913
