criterion,power_ideal,abs_ideal,power_wloss,abs_wloss,power_wlossCap,abs_wlossCap
0,180.958,2300.7670000000003,136.146750426229, 2090.9197503540013,69.54670269399517,1715.333101246193
1,180.958,2300.7670000000003,134.76794864777926, 2069.7230685736517,69.54670269399517,1665.3408771200102
4,180.958,2301.79,134.67748743546895, 2069.107923931164,69.54670269399517,1664.73598219787
2,180.95799999999994,4070.3789999999985,104.90415713187552, 3174.476504457989,51.479509691153496,2164.140549746609
3,180.95799999999994,4070.3789999999985,104.90415713187552, 3174.476504457989,51.479509691153496,2164.140549746609
5,180.95799999999997,2744.6020000000003,126.8753132108146, 2372.240452295046,69.54670269399517,1864.9345028833204
