criterion,power_ideal,abs_ideal,power_wloss,abs_wloss,power_wlossCap,abs_wlossCap
0,173.291,2205.1490000000003,131.7855949972026, 2010.9823500184589,69.54670269399517,1670.1994683484315
1,173.291,2205.149,130.45668786196902, 1990.6781079314094,69.54670269399517,1626.5619998966515
4,173.291,2206.6769999999997,130.37552188312435, 1990.7707002634997,69.54670269399517,1627.6922482318876
2,173.29099999999988,3924.980999999998,101.90250853572817, 3081.197149167091,50.19225174063512,2123.39627615083
3,173.29099999999988,3924.980999999998,101.90250853572817, 3081.197149167091,50.19225174063512,2123.39627615083
5,173.291,2634.7680000000014,122.9580309447396, 2287.4969468989616,69.54670269399517,1832.792306688396
