criterion,power_ideal,abs_ideal,power_wloss,abs_wloss,power_wlossCap,abs_wlossCap
0,178.47,2202.145,135.65140541906345, 2011.1244140283893,69.54670269399517,1652.5776706578338
1,178.47,2202.145,134.63263984452297, 1995.3141452585744,69.54670269399517,1620.3810318689243
4,178.47,2203.7000000000003,135.58568844734242, 2011.5144765389423,69.54670269399517,1653.384750946795
2,178.46999999999997,3855.9449999999997,109.93270451197297, 3078.958414236407,67.62233898287137,2329.386212092314
3,168.87399999999997,3491.895,107.830201705957, 2843.8842004412913,67.62233898287137,2165.36530340123
5,133.871,2573.7480000000005,96.26899212220903, 2221.336872994578,69.54670269399517,2050.640493478768
