criterion,power_ideal,abs_ideal,power_wloss,abs_wloss,power_wlossCap,abs_wlossCap
0,160.53699999999998,2080.349999999999,123.49554102860645, 1905.5997184709672,69.54670269399517,1605.3744249084855
1,160.53699999999998,2080.349999999999,122.40435700441097, 1889.431090692931,69.54670269399517,1576.4020692461725
4,160.53699999999995,2081.386999999999,123.4270561191793, 1905.462001026637,69.54670269399517,1605.6602782516895
2,160.537,3730.7390000000014,94.82264880274217, 2950.7374831240554,43.19993657069765,2029.9539452074696
3,160.537,3730.7390000000014,94.82264880274217, 2950.7374831240554,43.19993657069765,2029.9539452074696
5,160.53699999999998,3130.1400000000003,104.63844150267443, 2605.741965915181,69.54670269399517,2153.3789654687002
