criterion,power_ideal,abs_ideal,power_wloss,abs_wloss,power_wlossCap,abs_wlossCap
0,166.058,2082.121,128.1330925421137, 1908.929164032227,69.54670269399517,1595.3222715163286
1,166.05800000000002,2082.121,126.93893673504849, 1891.0983826491538,69.54670269399517,1570.288431031428
4,166.058,2083.299,128.0695364722039, 1909.0045900498426,69.54670269399517,1595.794419470501
2,166.05800000000005,3560.0550000000007,104.82849899274031, 2879.9332819593324,63.579226121463265,2185.11049212686
3,166.05800000000005,3560.0550000000007,104.82849899274031, 2879.9332819593324,63.579226121463265,2185.11049212686
