criterion,power_ideal,abs_ideal,power_wloss,abs_wloss,power_wlossCap,abs_wlossCap
0,175.02799999999996,2217.5360000000005,132.92136987481717, 2022.1672461052583,69.54670269399517,1673.2602138338034
1,175.028,2217.536,131.64207644265127, 2002.9813629119963,69.54670269399517,1628.0056982793215
4,175.028,2218.568000000001,132.84836285208053, 2021.8943563875205,69.54670269399517,1673.6745423880823
2,175.02799999999996,3920.6290000000004,103.09947652668356, 3080.9483567893403,50.77156611257732,2115.585843660943
3,175.02799999999996,3920.6290000000004,103.09947652668356, 3080.9483567893403,50.77156611257732,2115.585843660943
5,175.02799999999996,2648.4040000000005,124.10838961215498, 2300.9507275026467,69.54670269399517,1833.1170385227497
