criterion,power_ideal,abs_ideal,power_wloss,abs_wloss,power_wlossCap,abs_wlossCap
0,162.21300000000002,2060.812999999999,125.1550788983439, 1890.2036956396564,69.54670269399517,1585.7028058500591
1,162.21300000000002,2060.8129999999996,124.1433916385645, 1875.03473814944,69.54670269399517,1565.0896192520418
4,162.21300000000002,2062.1279999999992,125.09109028463183, 1890.4213181386194,69.54670269399517,1586.3174788602355
2,162.213,3564.924000000002,101.56828638632972, 2881.155088763449,60.176299619163,2187.39869906072
3,159.323,3449.324,100.89804224515024, 2803.80363718602,60.176299619163,2131.960043743339
5,162.21300000000002,2062.1279999999992,125.09109028463183, 1890.4213181386194,69.54670269399517,1586.3174788602355
