criterion,power_ideal,abs_ideal,power_wloss,abs_wloss,power_wlossCap,abs_wlossCap
0,164.90400000000002,2038.6849999999997,127.88394037341006, 1873.2350253984919,69.54670269399517,1563.586332654062
1,164.90400000000002,2038.6849999999997,126.81115525107155, 1857.2956946419827,69.54670269399517,1547.9956104878358
4,164.90400000000002,2039.9429999999998,127.8248982476086, 1873.4733152518324,69.54670269399517,1564.1929252364594
2,164.904,3673.030000000002,100.72225743860507, 2925.065142722437,52.07797402357506,2063.262114501349
3,164.904,3673.030000000002,100.72225743860507, 2925.065142722437,52.07797402357506,2063.262114501349
5,164.90400000000002,2191.0249999999996,123.9843172515128, 1962.409703032112,69.54670269399517,1627.2122004733067
