criterion,power_ideal,abs_ideal,power_wloss,abs_wloss,power_wlossCap,abs_wlossCap
0,174.836,2206.9600000000005,132.98851287065128, 2013.6003600055765,69.54670269399517,1667.2356169195932
1,174.836,2206.96,131.70420951495748, 1994.3926218028776,69.54670269399517,1622.8411131186683
4,174.836,2208.001,131.61614728670327, 1993.8560678262775,69.54670269399517,1623.43434425463
2,174.83599999999993,3897.6179999999977,103.50285126365239, 3067.7544471456836,51.53378804303061,2112.383909195221
3,174.83599999999993,3897.6179999999977,103.50285126365239, 3067.7544471456836,51.53378804303061,2112.383909195221
5,174.83599999999996,3288.3359999999984,116.62157116045063, 2778.7129012379028,69.54670269399517,2308.0251002917694
