criterion,power_ideal,abs_ideal,power_wloss,abs_wloss,power_wlossCap,abs_wlossCap
0,192.22899999999998,2426.7979999999993,142.34813771140972, 2195.514897447846,69.54670269399517,1763.8994871263542
1,192.22899999999998,2426.7979999999993,141.1115718693035, 2176.0121050152943,69.54670269399517,1710.7224302735397
4,192.22899999999998,2427.8449999999993,142.27104178917224, 2195.137866852752,69.54670269399517,1764.5426442571134
2,192.22899999999993,4374.533999999998,107.8294944949398, 3360.445714895716,51.9603591454195,2260.091993600148
3,192.22899999999993,4374.533999999998,107.8294944949398, 3360.445714895716,51.9603591454195,2260.091993600148
5,192.22899999999998,2951.984,131.70194934692523, 2526.816262029085,69.54670269399517,1940.0086831558085
