criterion,power_ideal,abs_ideal,power_wloss,abs_wloss,power_wlossCap,abs_wlossCap
0,158.964,2039.1020000000003,123.05701104528244, 1871.7502784760604,69.54670269399517,1579.421165780395
1,158.964,2039.1019999999999,121.95789138755387, 1855.6479688103288,69.54670269399517,1557.6498511710392
4,158.964,2040.208,122.98433312890823, 1871.6109052288305,69.54670269399517,1579.7307656865976
2,158.96400000000003,3476.6010000000015,100.12064200564174, 2821.1847442749845,57.934385919426695,2125.1911340823444
3,158.96400000000003,3476.6010000000015,100.12064200564174, 2821.1847442749845,57.934385919426695,2125.1911340823444
