criterion,power_ideal,abs_ideal,power_wloss,abs_wloss,power_wlossCap,abs_wlossCap
0,180.448,2250.0620000000004,136.58940128692197, 2049.5665318880024,69.54670269399517,1685.2534604776092
1,180.448,2250.062000000001,135.3121523807063, 2029.6648372164607,69.54670269399517,1640.8726198458448
4,180.448,2251.2220000000007,135.2361257494782, 2029.4623454646198,69.54670269399517,1641.655092903277
2,180.44799999999995,4036.4000000000005,105.92420800195065, 3155.134006906234,54.242983246458536,2178.329790804351
3,180.44799999999995,4036.4000000000005,105.92420800195065, 3155.134006906234,54.242983246458536,2178.329790804351
5,180.448,2419.6060000000007,131.97242615051192, 2141.367007963123,69.54670269399517,1708.8745990560594
