criterion,power_ideal,abs_ideal,power_wloss,abs_wloss,power_wlossCap,abs_wlossCap
0,153.172,1920.4210000000003,120.4213314371141, 1771.5063886672044,69.54670269399517,1504.60837211099
1,153.172,1920.421,119.35241323642435, 1755.9444736705989,69.54670269399517,1495.6030687071084
4,153.172,1921.632,120.3577912070435, 1771.6453439288264,69.54670269399517,1505.1374872006445
2,153.172,3396.0099999999998,95.98375669441376, 2741.8346975971217,48.81177129948842,1945.9578043899912
3,153.172,3396.0099999999998,95.98375669441376, 2741.8346975971217,48.81177129948842,1945.9578043899912
5,153.172,2063.3319999999994,116.66237390911357, 1855.2263458120153,69.54670269399517,1584.199930309389
