criterion,power_ideal,abs_ideal,power_wloss,abs_wloss,power_wlossCap,abs_wlossCap
0,180.43200000000002,2250.267,136.59061774967722, 2050.3743939973174,69.54670269399517,1684.0190342589099
1,180.43200000000002,2250.267,135.31492941229544, 2031.0212901327343,69.54670269399517,1637.8235140719291
4,180.43200000000002,2251.3139999999994,136.5172469391089, 2050.0951458846157,69.54670269399517,1684.5616633825412
2,180.43199999999996,3989.204,106.38866506723494, 3127.789468635675,54.052549021543676,2150.4920153465036
3,180.43199999999996,3989.204,106.38866506723494, 3127.789468635675,54.052549021543676,2150.4920153465036
5,180.43200000000002,2417.592999999999,131.97736960847442, 2141.1384427849202,69.54670269399517,1702.754142670346
