criterion,power_ideal,abs_ideal,power_wloss,abs_wloss,power_wlossCap,abs_wlossCap
0,179.55899999999994,2267.4199999999996,135.53538285035347, 2063.3443206028533,69.54670269399517,1697.8843249075435
1,179.55899999999994,2267.42,134.24807833700197, 2043.2601317019298,69.54670269399517,1651.5954269643312
4,179.55899999999994,2269.0840000000003,134.17120772447967, 2043.5497951106079,69.54670269399517,1652.8796263022919
2,179.55899999999997,4086.004999999999,104.034630584638, 3182.2155781794486,51.5762035316618,2184.5139354612484
3,179.55899999999997,4086.004999999999,104.034630584638, 3182.2155781794486,51.5762035316618,2184.5139354612484
5,179.55899999999994,2727.6519999999996,126.22278143149526, 2358.3130827240816,69.54670269399517,1867.4455744781017
