criterion,power_ideal,abs_ideal,power_wloss,abs_wloss,power_wlossCap,abs_wlossCap
0,175.489,2156.9200000000005,134.13798637339153, 1973.2085328272792,69.54670269399517,1625.7929906571803
1,175.489,2156.92,133.09697896729136, 1957.2016789319696,69.54670269399517,1599.0205444307448
4,175.489,2158.3590000000004,134.07832339904445, 1973.597092277166,69.54670269399517,1626.5588428626531
2,175.48900000000003,3944.271,104.22776964605704, 3097.975768878093,53.54019031391784,2159.431998033241
3,175.48900000000003,3944.271,104.22776964605704, 3097.975768878093,53.54019031391784,2159.431998033241
5,175.489,2329.477999999999,129.91458411594743, 2074.8596388211,69.54670269399517,1678.34134108254
