criterion,power_ideal,abs_ideal,power_wloss,abs_wloss,power_wlossCap,abs_wlossCap
0,160.59899999999996,2096.6660000000006,123.23164513555447, 1918.6398331920304,69.54670269399517,1617.6162584262113
1,160.599,2096.6660000000006,122.13374557749978, 1902.4987255432948,69.54670269399517,1583.3635688322317
4,160.59899999999996,2097.6590000000006,123.15778732754893, 1918.355843926285,69.54670269399517,1618.011069253821
2,160.59899999999996,3730.4429999999998,94.46125463867831, 2949.369474863971,42.02524936793362,2014.9988598861798
3,160.59899999999996,3730.4429999999998,94.46125463867831, 2949.369474863971,42.02524936793362,2014.9988598861798
5,160.599,3124.402,104.55182649225593, 2602.0897984121925,69.54670269399517,2141.9286230383464
