criterion,power_ideal,abs_ideal,power_wloss,abs_wloss,power_wlossCap,abs_wlossCap
0,172.32800000000003,2189.6309999999994,131.23455394180445, 1998.5056421055342,69.54670269399517,1660.7937834849922
1,172.328,2189.630999999999,129.977145300666, 1979.3587531592893,69.54670269399517,1619.8848125871289
4,172.32800000000003,2191.1299999999997,131.16515879002867, 1998.7848406919284,69.54670269399517,1661.7232334367702
2,172.32799999999997,3912.7290000000003,101.37609694309485, 3073.4818057657308,49.491862039897285,2116.5068711674567
3,172.32799999999997,3912.7290000000003,101.37609694309485, 3073.4818057657308,49.491862039897285,2116.5068711674567
5,172.32800000000003,2624.019999999999,122.44660484115511, 2280.4593482186833,69.54670269399517,1830.3776908336486
