criterion,power_ideal,abs_ideal,power_wloss,abs_wloss,power_wlossCap,abs_wlossCap
0,171.519,2131.2729999999997,131.52434622816932, 1951.307283608191,69.54670269399517,1618.640892872433
1,171.519,2131.273,130.44185353081696, 1935.1441249686754,69.54670269399517,1588.3624417347162
4,171.519,2132.2749999999996,131.45511841233844, 1951.0851458444029,69.54670269399517,1618.8540409576412
2,171.51899999999995,3818.493,102.81714397410192, 3018.6487393308794,51.78986685682386,2094.20013719968
3,171.51899999999995,3818.493,102.81714397410192, 3018.6487393308794,51.78986685682386,2094.20013719968
5,171.519,2309.023,127.07736555348359, 2055.86983728778,69.54670269399517,1673.6048280380642
