criterion,power_ideal,abs_ideal,power_wloss,abs_wloss,power_wlossCap,abs_wlossCap
0,163.679,2031.7300000000007,126.98303204607252, 1867.2225241830322,69.54670269399517,1562.0486879884438
1,163.679,2031.7300000000007,125.93451265071721, 1851.8146199351283,69.54670269399517,1545.148473238985
4,163.679,2032.6880000000006,126.91781192370627, 1867.0477137051503,69.54670269399517,1562.2799449417969
2,163.67900000000003,3634.022000000001,100.11567526839019, 2899.4491227178864,50.87041192420607,2034.2411307778607
3,163.67900000000003,3634.022000000001,100.11567526839019, 2899.4491227178864,50.87041192420607,2034.2411307778607
5,163.67900000000003,2196.7800000000007,122.85947711241457, 1965.6805030505463,69.54670269399517,1631.9530957789082
