criterion,power_ideal,abs_ideal,power_wloss,abs_wloss,power_wlossCap,abs_wlossCap
0,155.95699999999997,1945.04,122.27790797499743, 1793.1091784973685,69.54670269399517,1515.5046234891345
1,155.957,1945.04,121.19386830119524, 1777.4009227026688,69.54670269399517,1505.4556187427809
4,155.95699999999997,1946.0400000000002,122.21715306974579, 1793.0766191073035,69.54670269399517,1515.8465727196224
2,155.95700000000002,3321.623,100.99720682335033, 2719.034224768231,61.327740719826195,2084.860231233655
3,151.45900000000003,3229.8640000000005,99.26795250351724, 2653.5260753043844,61.327740719826195,2065.2626476583746
5,155.95699999999997,1946.0400000000002,122.21715306974579, 1793.0766191073035,69.54670269399517,1515.8465727196224
