criterion,power_ideal,abs_ideal,power_wloss,abs_wloss,power_wlossCap,abs_wlossCap
0,158.952,1973.3519999999994,124.24136960245283, 1817.5096934865176,69.54670269399517,1529.9365755513425
1,158.952,1973.3519999999994,123.15175061648631, 1801.5779243372917,69.54670269399517,1518.6184130986505
4,158.952,1974.5149999999994,124.17839354995999, 1817.595986559239,69.54670269399517,1530.4126551735667
2,158.952,3511.0870000000023,98.73364858369399, 2819.6815369774417,50.958779390319144,1997.3315600204776
3,158.952,3511.0870000000023,98.73364858369399, 2819.6815369774417,50.958779390319144,1997.3315600204776
5,158.952,2110.894,120.55818898195511, 1896.6667785990937,69.54670269399517,1596.6230538742252
