criterion,power_ideal,abs_ideal,power_wloss,abs_wloss,power_wlossCap,abs_wlossCap
0,154.48700000000005,2005.7569999999998,119.98815718874002, 1842.7299444793878,69.54670269399517,1565.2200228195197
1,154.48700000000002,2005.7569999999998,118.8679327170926, 1826.4915488829715,69.54670269399517,1545.1457689411586
4,154.48700000000005,2006.831,119.91587637359511, 1842.57613974818,69.54670269399517,1565.50993856496
2,154.48700000000002,3547.779,93.34991542008817, 2834.7024203348096,43.07382671035768,1965.5780225496067
3,154.48700000000002,3547.779,93.34991542008817, 2834.7024203348096,43.07382671035768,1965.5780225496067
5,154.487,2437.796999999999,111.50659201778595, 2133.762714911205,69.54670269399517,1773.7265186462269
