criterion,power_ideal,abs_ideal,power_wloss,abs_wloss,power_wlossCap,abs_wlossCap
0,180.448,2250.0620000000004,136.58940128692197, 2049.5665318880024,69.54670269399517,1685.2534604776092
1,180.448,2250.062000000001,135.3121523807063, 2029.6648372164607,69.54670269399517,1640.8726198458448
4,180.448,2251.2220000000007,136.5258922502645, 2049.5933860781465,69.54670269399517,1685.8834916892827
2,180.44799999999998,3865.4130000000005,110.89650418678815, 3083.3084006693684,68.41296736611669,2319.8408894718864
3,180.44799999999998,3865.4130000000005,110.89650418678815, 3083.3084006693684,68.41296736611669,2319.8408894718864
5,180.448,2251.2220000000007,136.5258922502645, 2049.5933860781465,69.54670269399517,1685.8834916892827
