criterion,power_ideal,abs_ideal,power_wloss,abs_wloss,power_wlossCap,abs_wlossCap
0,149.28499999999994,1914.7899999999993,117.21575917031771, 1766.0288133404965,69.54670269399517,1508.2817272269558
1,149.28499999999994,1914.7899999999993,116.21925112369986, 1751.790123089744,69.54670269399517,1498.7299732384251
4,149.28499999999994,1915.750999999999,117.14740658045329, 1765.8373932565758,69.54670269399517,1508.5074258139548
2,149.285,3394.5920000000006,92.22549684481325, 2735.8648223613986,43.63972589277863,1920.3479303611223
3,149.285,3394.5920000000006,92.22549684481325, 2735.8648223613986,43.63972589277863,1920.3479303611223
5,149.28499999999997,2326.9099999999994,109.41594315435698, 2050.0328674735842,69.54670269399517,1736.3001612082621
