criterion,power_ideal,abs_ideal,power_wloss,abs_wloss,power_wlossCap,abs_wlossCap
0,175.68800000000007,2182.028000000001,133.9062549467321, 1993.8231612316763,69.54670269399517,1645.2724072017218
1,175.68800000000002,2182.0280000000007,132.803502236925, 1976.9183874801638,69.54670269399517,1611.9986741240887
4,175.68800000000002,2183.4960000000005,133.83937876804384, 1994.10977431234,69.54670269399517,1645.9817686359681
2,175.68800000000007,3957.904000000001,103.76904450114587, 3105.706166182489,52.174246730028976,2149.576173215141
3,175.68800000000007,3957.904000000001,103.76904450114587, 3105.706166182489,52.174246730028976,2149.576173215141
5,175.68800000000002,2642.220999999999,125.05998829229236, 2298.223607793309,69.54670269399517,1840.9913768539059
