criterion,power_ideal,abs_ideal,power_wloss,abs_wloss,power_wlossCap,abs_wlossCap
0,164.08099999999996,2096.561,126.30461641181068, 1919.8648651454012,69.54670269399517,1611.6108922932747
1,164.08099999999996,2096.5609999999997,125.05978775540564, 1901.310709728095,69.54670269399517,1580.788750542001
4,164.08099999999996,2097.787,126.23704610178424, 1919.9222636154816,69.54670269399517,1612.0885332686937
2,164.081,3713.1879999999983,98.41877790303879, 2945.322455255667,47.981383609679234,2043.4820616565871
3,164.081,3713.1879999999983,98.41877790303879, 2945.322455255667,47.981383609679234,2043.4820616565871
5,164.081,2500.985,118.08961962062472, 2185.1830450365524,69.54670269399517,1786.8491035242355
