criterion,power_ideal,abs_ideal,power_wloss,abs_wloss,power_wlossCap,abs_wlossCap
0,160.745,2033.9900000000002,124.6964228279291, 1867.8047402077193,69.54670269399517,1571.4160222525438
1,160.745,2033.9900000000002,123.52216459109486, 1850.2984975139937,69.54670269399517,1553.4161249621784
4,160.745,2035.962,124.63375615051643, 1868.7049991420763,69.54670269399517,1572.7046519470293
2,160.745,3631.383,97.75497150678622, 2894.164952016921,48.761044716574276,2030.1016735379696
3,160.745,3631.383,97.75497150678622, 2894.164952016921,48.761044716574276,2030.1016735379696
5,160.745,2427.1929999999998,116.94695760367021, 2130.0644312323525,69.54670269399517,1766.5644413456334
