criterion,power_ideal,abs_ideal,power_wloss,abs_wloss,power_wlossCap,abs_wlossCap
0,203.603,2504.7200000000003,149.6192868835166, 2261.0678814365074,69.54670269399517,1792.7358925715403
1,203.603,2504.7200000000007,148.3953727978134, 2240.8015107520428,69.54670269399517,1739.2370605147044
4,203.603,2505.8420000000006,149.55236009795496, 2260.939568926716,69.54670269399517,1793.5113068374594
2,203.603,4375.353000000001,119.92507501798048, 3414.1411883438614,69.54670269399517,2512.5113847365933
3,203.603,4375.353000000001,119.92507501798048, 3414.1411883438614,69.54670269399517,2512.5113847365933
5,203.603,2505.8420000000006,149.55236009795496, 2260.939568926716,69.54670269399517,1793.5113068374594
