criterion,power_ideal,abs_ideal,power_wloss,abs_wloss,power_wlossCap,abs_wlossCap
0,161.101,2013.9939999999997,125.35090991798776, 1851.1675993978652,69.54670269399517,1557.4420186836453
1,161.101,2013.9940000000001,124.17695153847006, 1833.8842380599458,69.54670269399517,1540.0560952762223
4,161.10099999999997,2014.920999999999,125.2856864264092, 1850.96830887177,69.54670269399517,1557.6473653102917
2,161.101,3546.655000000001,99.56613632552728, 2842.612239655068,51.202231029568274,2001.7985605622762
3,161.101,3546.655000000001,99.56613632552728, 2842.612239655068,51.202231029568274,2001.7985605622762
5,161.10099999999997,2151.4899999999993,121.49367515146365, 1927.3848628445019,69.54670269399517,1611.1956803764958
