criterion,power_ideal,abs_ideal,power_wloss,abs_wloss,power_wlossCap,abs_wlossCap
0,170.741,2143.229,130.77474700726106, 1960.0310140765503,69.54670269399517,1630.1139616929613
1,170.74100000000004,2143.2290000000003,129.57634093191567, 1941.753435609493,69.54670269399517,1598.0702198946121
4,170.74100000000004,2144.705,130.70844428039527, 1960.347657481268,69.54670269399517,1630.8468615213728
2,170.741,3678.1529999999984,106.4624980167467, 2958.10261611894,64.3146317000299,2228.9607229737358
3,170.741,3678.1529999999984,106.4624980167467, 2958.10261611894,64.3146317000299,2228.9607229737358
5,170.74100000000004,2144.705,130.70844428039527, 1960.347657481268,69.54670269399517,1630.8468615213728
