criterion,power_ideal,abs_ideal,power_wloss,abs_wloss,power_wlossCap,abs_wlossCap
0,152.265,1960.4769999999994,119.05675906759255, 1804.167761264565,69.54670269399517,1538.6859757280886
1,152.265,1960.4769999999999,117.89114067165346, 1787.404750255042,69.54670269399517,1523.357065614145
4,152.265,1961.4949999999994,118.98146676798785, 1803.9048827271304,69.54670269399517,1538.8842573967602
2,152.26500000000001,3288.114000000001,97.7719038664553, 2691.7036066524456,55.98800627025894,2022.5232369047496
3,152.26500000000001,3288.114000000001,97.7719038664553, 2691.7036066524456,55.98800627025894,2022.5232369047496
5,113.058,2199.4709999999995,84.25408142636877, 1937.4278946771524,69.54670269399517,1871.3866277778016
