criterion,power_ideal,abs_ideal,power_wloss,abs_wloss,power_wlossCap,abs_wlossCap
0,167.377,2123.7540000000004,128.55602720294186, 1942.7382050846109,69.54670269399517,1624.062050686662
1,167.377,2123.7540000000004,127.24193894697231, 1922.8743033564238,69.54670269399517,1592.2071827176421
4,167.377,2125.6300000000006,127.16575548887975, 1923.422060751448,69.54670269399517,1593.7175136950814
2,167.377,3772.629000000001,100.32178805366448, 2985.108073642205,50.35871343790204,2080.2397157889013
3,167.377,3772.629000000001,100.32178805366448, 2985.108073642205,50.35871343790204,2080.2397157889013
5,167.377,2527.492,120.32717686835679, 2205.8091777038185,69.54670269399517,1797.9122565740013
