criterion,power_ideal,abs_ideal,power_wloss,abs_wloss,power_wlossCap,abs_wlossCap
0,190.77799999999996,2379.1719999999987,141.9277602034778, 2156.6308680881457,69.54670269399517,1741.0930884367776
1,190.77799999999996,2379.1719999999987,140.82640595957588, 2138.9029365088068,69.54670269399517,1694.6779846081577
4,190.77799999999996,2380.685999999999,141.8608956694303, 2156.929887384662,69.54670269399517,1742.1547323942266
2,190.77799999999996,4386.129000000001,107.24464307729883, 3365.9621881367952,52.4054349580261,2278.19534437219
3,190.77800000000002,3659.1820000000016,121.92869040379811, 3025.0677256210265,69.54670269399517,2444.420839892775
5,190.778,2918.138999999999,131.46353810369177, 2502.2632019467396,69.54670269399517,1937.7376180512172
