criterion,power_ideal,abs_ideal,power_wloss,abs_wloss,power_wlossCap,abs_wlossCap
0,167.80999999999997,2131.7389999999996,128.7210732701337, 1950.1974821610313,69.54670269399517,1629.7688606081708
1,167.80999999999997,2131.7389999999996,127.45419650658594, 1931.5174407943064,69.54670269399517,1592.8884889011051
4,167.81,2132.793,128.64582414918814, 1949.926409949994,69.54670269399517,1629.9681751845171
2,167.80999999999997,3604.2619999999993,104.8658787362399, 2908.561845501844,61.83101149700041,2176.77280148639
3,161.488,3477.822,102.59734675300618, 2821.1334410143945,61.83101149700041,2151.7405463371806
5,167.81,2132.793,128.64582414918814, 1949.926409949994,69.54670269399517,1629.9681751845171
