criterion,power_ideal,abs_ideal,power_wloss,abs_wloss,power_wlossCap,abs_wlossCap
0,189.209,2370.452,141.12728888370373, 2149.5918005532185,69.54670269399517,1740.809563916862
1,189.209,2370.452,139.87473911570686, 2129.771787980836,69.54670269399517,1690.303598760435
4,189.20900000000003,2371.4140000000007,141.05649662050445, 2149.259754164556,69.54670269399517,1741.4082786747013
2,189.20900000000006,4279.852000000001,107.7907515200349, 3304.5035367283017,53.49888385194197,2242.806181722018
3,189.20900000000006,4279.852000000001,107.7907515200349, 3304.5035367283017,53.49888385194197,2242.806181722018
5,189.209,2858.146,131.295130772042, 2459.254943425983,69.54670269399517,1908.2615430071573
