criterion,power_ideal,abs_ideal,power_wloss,abs_wloss,power_wlossCap,abs_wlossCap
0,157.813,1982.0570000000002,123.26369491392629, 1824.5470004725596,69.54670269399517,1539.8901551026206
1,157.813,1982.0570000000002,122.11541640695941, 1807.959747557976,69.54670269399517,1526.8289557610547
4,157.813,1983.286,123.19737080378688, 1824.6414599156,69.54670269399517,1540.3943364055233
2,157.81299999999996,3502.112000000001,97.78738978500361, 2813.5054510723057,49.71424348803946,1989.5455625295547
3,157.81299999999996,3502.112000000001,97.78738978500361, 2813.5054510723057,49.71424348803946,1989.5455625295547
5,157.813,2117.283,119.52907507820613, 1901.0838637102609,69.54670269399517,1601.5391734502075
