criterion,power_ideal,abs_ideal,power_wloss,abs_wloss,power_wlossCap,abs_wlossCap
0,164.19199999999998,2056.3690000000006,127.0024774249378, 1886.9648990869393,69.54670269399517,1580.0761098001835
1,164.192,2056.369,125.8749130912986, 1870.0709622873171,69.54670269399517,1559.408105876991
4,164.19199999999998,2057.4610000000007,126.9400879605914, 1886.9807380793623,69.54670269399517,1580.480439987223
2,164.19200000000004,3674.6870000000013,99.69523704102394, 2923.0787032299754,50.30769768594487,2044.6109545911859
3,164.19200000000004,3674.6870000000013,99.69523704102394, 2923.0787032299754,50.30769768594487,2044.6109545911859
5,164.19199999999998,2208.0130000000004,122.95102943281654, 1973.0335366090153,69.54670269399517,1632.7846041285673
