criterion,power_ideal,abs_ideal,power_wloss,abs_wloss,power_wlossCap,abs_wlossCap
0,169.51600000000002,2107.1589999999997,130.42199949007917, 1930.7858780901606,69.54670269399517,1604.668545753085
1,169.51600000000002,2107.1589999999997,129.2888643158588, 1913.7630417148794,69.54670269399517,1579.8027936530711
4,169.51600000000002,2108.39,130.36049204003436, 1930.9434335024864,69.54670269399517,1605.2119218518592
2,169.51600000000002,3633.110000000001,106.59175461805039, 2930.8360429830645,65.5066336491209,2231.6740107434725
3,169.51600000000002,3633.110000000001,106.59175461805039, 2930.8360429830645,65.5066336491209,2231.6740107434725
5,169.51600000000002,2108.39,130.36049204003436, 1930.9434335024864,69.54670269399517,1605.2119218518592
