criterion,power_ideal,abs_ideal,power_wloss,abs_wloss,power_wlossCap,abs_wlossCap
0,177.408,2200.0080000000007,134.89525051189358, 2008.8010781166483,69.54670269399517,1653.505652132291
1,177.408,2200.0080000000007,133.82270875062738, 1992.1433093951155,69.54670269399517,1620.340771187882
4,177.408,2201.7680000000005,134.83405147873412, 2009.4801733891052,69.54670269399517,1654.5724704978604
2,177.408,3847.5989999999983,109.23602529410165, 3072.289286367757,67.41023700141022,2331.2398613468176
3,177.408,3847.5989999999983,109.23602529410165, 3072.289286367757,67.41023700141022,2331.2398613468176
5,137.96299999999997,2677.818,97.53599962902757, 2288.7409477076053,69.54670269399517,2092.0364872177106
