criterion,power_ideal,abs_ideal,power_wloss,abs_wloss,power_wlossCap,abs_wlossCap
0,156.47100000000003,2005.699,121.44685560592211, 1843.1375085743996,69.54670269399517,1557.985502831593
1,156.47100000000003,2005.6989999999998,120.45873445509048, 1828.5578459263418,69.54670269399517,1541.935096450663
4,156.47100000000003,2006.9550000000002,121.38146008613293, 1843.2841161913036,69.54670269399517,1558.5347708601862
2,156.47100000000003,3616.869999999999,94.0369741670519, 2878.9446344048984,43.768175938163985,1999.1620510064063
3,156.47100000000003,3031.437999999999,106.24494622736097, 2582.566928636732,69.54670269399517,2213.3622440995205
5,156.47100000000003,3037.3739999999993,103.38484229851198, 2541.112493520909,69.54670269399517,2124.185348988992
