criterion,power_ideal,abs_ideal,power_wloss,abs_wloss,power_wlossCap,abs_wlossCap
0,203.65400000000002,2540.118,148.80495997348433, 2288.4186522392465,69.54670269399517,1805.9822138646773
1,203.65400000000002,2540.118,147.62058614996727, 2268.8868994746035,69.54670269399517,1751.70009427896
4,203.65400000000002,2541.0950000000003,148.73132337074912, 2288.011583712805,69.54670269399517,1806.5703501016133
2,203.65400000000002,4433.308,118.32394843652352, 3447.3819329210787,69.54670269399517,2525.5811973984623
3,193.884,4257.4479999999985,115.25394172963072, 3336.1591583634226,69.54670269399517,2506.1835067048037
