criterion,power_ideal,abs_ideal,power_wloss,abs_wloss,power_wlossCap,abs_wlossCap
0,159.41299999999995,2031.2090000000003,123.64125303363542, 1864.5560354810702,69.54670269399517,1575.130956546845
1,159.41299999999995,2031.2089999999994,122.44655623850377, 1847.2075383589452,69.54670269399517,1549.5259225814962
4,159.41299999999995,2032.2330000000002,123.5676864098786, 1864.306794804393,69.54670269399517,1575.3365843192726
2,159.413,3539.124999999999,97.6113702004373, 2834.065828751112,47.83791433078118,1971.0017820983608
3,159.413,3539.124999999999,97.6113702004373, 2834.065828751112,47.83791433078118,1971.0017820983608
5,159.41299999999995,2187.1199999999994,119.34576398392407, 1952.3728764559362,69.54670269399517,1628.0220002395267
