criterion,power_ideal,abs_ideal,power_wloss,abs_wloss,power_wlossCap,abs_wlossCap
0,199.698,2507.2960000000003,146.50138532288523, 2261.7433142251793,69.54670269399517,1796.859958820962
1,199.698,2507.2960000000007,145.2796018785583, 2241.870215991921,69.54670269399517,1741.7380751611233
4,199.69799999999998,2508.288,146.42699290884823, 2261.3469150701612,69.54670269399517,1797.4614568889388
2,199.69799999999998,4362.310000000001,116.49197860133057, 3402.1469488044377,69.54670269399517,2500.6974655847375
3,189.778,4183.750000000001,113.33193541469315, 3288.785374421413,69.54670269399517,2481.004162081907
