criterion,power_ideal,abs_ideal,power_wloss,abs_wloss,power_wlossCap,abs_wlossCap
0,195.83200000000002,2422.1479999999997,145.11903635430605, 2193.020773837348,69.54670269399517,1757.4956217127497
1,195.83200000000002,2422.1479999999997,143.99078611528697, 2174.7812823460085,69.54670269399517,1709.107363751544
4,195.83200000000002,2423.1279999999997,145.04910391599003, 2192.7132895268314,69.54670269399517,1758.1190315827337
2,195.832,4233.745,116.36139649924527, 3323.32680796861,69.54670269399517,2467.6182456080483
3,195.832,4233.745,116.36139649924527, 3323.32680796861,69.54670269399517,2467.6182456080483
5,195.83200000000002,2423.1279999999997,145.04910391599003, 2192.7132895268314,69.54670269399517,1758.1190315827337
