criterion,power_ideal,abs_ideal,power_wloss,abs_wloss,power_wlossCap,abs_wlossCap
0,198.96500000000003,2489.2239999999993,146.15517792820148, 2246.371988057645,69.54670269399517,1787.747786779342
1,198.96500000000003,2489.2239999999997,144.98247676389164, 2227.0782042007077,69.54670269399517,1735.2868763245915
4,198.96500000000003,2490.7269999999994,146.09021647148447, 2246.675367388927,69.54670269399517,1788.920841402848
2,198.96500000000003,4601.276000000001,109.31975318886435, 3493.81227768833,53.30808621691218,2336.958537392637
3,198.96499999999997,3827.635,124.73897860973595, 3136.500677528792,69.54670269399517,2488.6911360997406
5,198.96499999999997,3812.0350000000008,121.86297814005054, 3069.575347099539,69.54670269399517,2384.8704986028815
