criterion,power_ideal,abs_ideal,power_wloss,abs_wloss,power_wlossCap,abs_wlossCap
0,169.707,2136.9750000000004,130.05170758742543, 1954.5727941965752,69.54670269399517,1627.9879403221767
1,169.707,2136.9750000000004,128.8457885535204, 1936.3019305145758,69.54670269399517,1594.6681401320668
4,169.707,2138.0620000000004,129.98642118130837, 1954.5192136873882,69.54670269399517,1628.3436074521405
2,169.707,3655.8099999999986,105.91806452316287, 2943.256324810862,63.943233623989215,2220.9049572600793
3,169.707,3655.8099999999986,105.91806452316287, 2943.256324810862,63.943233623989215,2220.9049572600793
5,169.707,2138.0620000000004,129.98642118130837, 1954.5192136873882,69.54670269399517,1628.3436074521405
