criterion,power_ideal,abs_ideal,power_wloss,abs_wloss,power_wlossCap,abs_wlossCap
0,178.47,2202.145,135.65140541906345, 2011.1244140283893,69.54670269399517,1652.5776706578338
1,178.47,2202.145,134.63263984452297, 1995.3141452585744,69.54670269399517,1620.3810318689243
4,178.47,2203.7000000000003,135.58568844734242, 2011.5144765389423,69.54670269399517,1653.384750946795
2,178.47000000000006,4035.445000000003,104.73196309253171, 3154.872187839724,52.71009586939831,2180.911611588758
3,178.46999999999997,3386.11,117.96587545900198, 2840.3406986556374,69.54670269399517,2358.9742883095214
5,178.47000000000003,2681.0609999999997,126.64009153250251, 2329.174334677801,69.54670269399517,1857.9284665410742
