criterion,power_ideal,abs_ideal,power_wloss,abs_wloss,power_wlossCap,abs_wlossCap
0,179.55899999999994,2267.4199999999996,135.53538285035347, 2063.3443206028533,69.54670269399517,1697.8843249075435
1,179.55899999999994,2267.42,134.24807833700197, 2043.2601317019298,69.54670269399517,1651.5954269643312
4,179.55899999999994,2269.084,135.47119708386202, 2063.8664175605772,69.54670269399517,1699.0149169939577
2,179.55899999999994,3907.6109999999985,109.26264687666847, 3108.1327140807844,66.39736943966648,2331.9180272961307
3,179.55899999999994,3907.6109999999985,109.26264687666847, 3108.1327140807844,66.39736943966648,2331.9180272961307
5,179.55899999999994,2269.084,135.47119708386202, 2063.8664175605772,69.54670269399517,1699.0149169939577
