criterion,power_ideal,abs_ideal,power_wloss,abs_wloss,power_wlossCap,abs_wlossCap
0,160.59899999999996,2096.6660000000006,123.23164513555447, 1918.6398331920304,69.54670269399517,1617.6162584262113
1,160.599,2096.6660000000006,122.13374557749978, 1902.4987255432948,69.54670269399517,1583.3635688322317
4,160.59899999999996,2097.6590000000006,123.15778732754893, 1918.355843926285,69.54670269399517,1618.011069253821
2,160.59900000000002,3561.765999999999,99.43059116534162, 2876.352745552228,56.46522323211136,2155.721289187408
3,160.59900000000002,3561.765999999999,99.43059116534162, 2876.352745552228,56.46522323211136,2155.721289187408
5,128.071,2665.038,89.33865007939664, 2277.4697037802825,69.54670269399517,2104.9033685769837
