criterion,power_ideal,abs_ideal,power_wloss,abs_wloss,power_wlossCap,abs_wlossCap
0,180.2,2277.8329999999996,135.9350783845245, 2071.8692975026593,69.54670269399517,1703.8334980070626
1,180.20000000000002,2277.833,134.58144267519378, 2050.913139110675,69.54670269399517,1654.761171704329
4,180.2,2278.8740000000003,134.5019245088394, 2050.5264258962943,69.54670269399517,1655.4046336103468
2,180.20000000000002,4064.6450000000013,104.77656407454803, 3170.2186157753526,52.35578683643773,2176.623646904363
3,180.20000000000002,4064.6450000000013,104.77656407454803, 3170.2186157753526,52.35578683643773,2176.623646904363
5,180.20000000000002,2726.0509999999995,126.69931754510802, 2357.322017520984,69.54670269399517,1862.5912502412966
