criterion,power_ideal,abs_ideal,power_wloss,abs_wloss,power_wlossCap,abs_wlossCap
0,202.81099999999998,2541.2440000000006,148.37107426476075, 2289.577168470387,69.54670269399517,1811.1459234937154
1,202.81099999999998,2541.244000000001,147.04699867781588, 2268.078941099771,69.54670269399517,1751.2431981080776
4,202.81099999999998,2542.2780000000007,148.29416790122906, 2289.1604453200193,69.54670269399517,1811.7672116830504
2,202.81099999999998,4372.174999999998,118.45925740482483, 3410.256816197385,69.54670269399517,2492.66853943071
3,202.81099999999998,4372.174999999998,118.45925740482483, 3410.256816197385,69.54670269399517,2492.66853943071
5,202.81099999999998,2542.2780000000007,148.29416790122906, 2289.1604453200193,69.54670269399517,1811.7672116830504
