criterion,power_ideal,abs_ideal,power_wloss,abs_wloss,power_wlossCap,abs_wlossCap
0,157.76700000000002,2070.100000000001,121.54574450584943, 1895.771955908556,69.54670269399517,1607.1869005081014
1,157.76700000000002,2070.100000000001,120.33672486444408, 1878.1542198150723,69.54670269399517,1573.4698668584144
4,157.76700000000002,2071.145000000001,121.46619143735448, 1895.446183868313,69.54670269399517,1607.3511315801704
2,157.76699999999997,3623.614999999999,94.09217369429606, 2882.1330673037833,42.337567326901386,1974.2670195890737
3,157.76699999999997,3623.614999999999,94.09217369429606, 2882.1330673037833,42.337567326901386,1974.2670195890737
5,157.767,3061.7039999999993,103.50565865373069, 2559.785162948068,69.54670269399517,2117.885950982186
