criterion,power_ideal,abs_ideal,power_wloss,abs_wloss,power_wlossCap,abs_wlossCap
0,185.96400000000003,2375.4300000000007,138.75857355533543, 2151.7379255038395,69.54670269399517,1749.849053434926
1,185.96400000000003,2375.4300000000007,137.26825918618096, 2128.5568233287822,69.54670269399517,1692.938518384137
4,185.96400000000003,2376.476000000001,137.1740565699516, 2127.8768108310346,69.54670269399517,1691.7704230489392
2,185.96400000000008,4176.553000000001,106.55703713284731, 3240.0194611637494,52.18583530927497,2190.3554193532336
3,185.96400000000008,4176.553000000001,106.55703713284731, 3240.0194611637494,52.18583530927497,2190.3554193532336
5,185.96400000000003,2824.8420000000006,129.11074239399846, 2430.782441561846,69.54670269399517,1888.2864875928474
