criterion,power_ideal,abs_ideal,power_wloss,abs_wloss,power_wlossCap,abs_wlossCap
0,164.04800000000003,2133.6620000000003,125.41771197884974, 1950.045677950997,69.54670269399517,1635.929878760688
1,164.048,2133.6619999999994,124.28864878547476, 1933.369414057206,69.54670269399517,1599.143526345011
4,164.04800000000003,2134.7210000000005,125.33781468487084, 1949.7106024184209,69.54670269399517,1636.3332488879369
2,164.048,3782.5339999999997,96.28444122993336, 2985.106332125583,43.231841271756394,2032.4507498264627
3,164.048,3782.5339999999997,96.28444122993336, 2985.106332125583,43.231841271756394,2032.4507498264627
5,164.048,3175.112,106.46800721301042, 2639.940665553704,69.54670269399517,2160.581156540406
