criterion,power_ideal,abs_ideal,power_wloss,abs_wloss,power_wlossCap,abs_wlossCap
0,156.752,2033.644,121.3742891519936, 1865.9081420779148,69.54670269399517,1582.4742371364093
1,156.752,2033.6439999999998,120.20569378341308, 1849.0708687703732,69.54670269399517,1554.3281793744466
4,156.752,2034.701,121.29701816266683, 1865.6338155953174,69.54670269399517,1582.6755820751168
2,156.752,3550.7040000000006,94.82659162964343, 2837.6032136187787,44.02573695680422,1957.810110564239
3,156.752,3550.7040000000006,94.82659162964343, 2837.6032136187787,44.02573695680422,1957.810110564239
5,156.752,2458.0780000000004,112.85343374322169, 2149.28437615722,69.54670269399517,1773.0607225256354
