criterion,power_ideal,abs_ideal,power_wloss,abs_wloss,power_wlossCap,abs_wlossCap
0,196.588,2454.9980000000005,145.16508784000885, 2219.446688376584,69.54670269399517,1774.5028277929073
1,196.588,2454.9980000000005,143.94860035731546, 2199.8524754447844,69.54670269399517,1721.1068469490951
4,196.588,2456.010000000001,145.08938384151537, 2219.0530005596243,69.54670269399517,1775.1187133144456
2,196.58799999999997,4255.093999999999,116.11947870379993, 3335.5672391774865,69.54670269399517,2459.051822822741
3,196.58799999999997,4255.093999999999,116.11947870379993, 3335.5672391774865,69.54670269399517,2459.0518228227415
