criterion,power_ideal,abs_ideal,power_wloss,abs_wloss,power_wlossCap,abs_wlossCap
0,175.489,2156.9200000000005,134.13798637339153, 1973.2085328272792,69.54670269399517,1625.7929906571803
1,175.489,2156.92,133.09697896729136, 1957.2016789319696,69.54670269399517,1599.0205444307448
4,175.489,2158.3590000000004,134.07832339904445, 1973.597092277166,69.54670269399517,1626.5588428626531
2,175.489,3769.535,109.23777709032623, 3022.5073846588616,68.04156334163383,2304.0605935469825
3,166.82299999999998,3613.547,106.1062501479214, 2918.5604257431273,68.04156334163383,2286.84065473528
