criterion,power_ideal,abs_ideal,power_wloss,abs_wloss,power_wlossCap,abs_wlossCap
0,159.39000000000001,2045.4350000000009,123.50189764769551, 1876.2901617155092,69.54670269399517,1585.9332273354948
1,159.39,2045.4350000000004,122.2031388178173, 1857.2600604160962,69.54670269399517,1559.9032839219506
4,159.39000000000001,2046.5690000000009,123.4312361401374, 1876.2106993018015,69.54670269399517,1586.2905911917046
2,159.39000000000001,3571.428999999999,97.18634381194717, 2854.5855978341324,47.726017097624066,1991.385377621696
3,159.39000000000001,3571.428999999999,97.18634381194717, 2854.5855978341324,47.726017097624066,1991.385377621696
5,159.39000000000001,2182.766,119.42078860013116, 1949.1937469538495,69.54670269399517,1625.8495906154249
