criterion,power_ideal,abs_ideal,power_wloss,abs_wloss,power_wlossCap,abs_wlossCap
0,180.958,2300.7670000000003,136.146750426229, 2090.9197503540013,69.54670269399517,1715.333101246193
1,180.958,2300.7670000000003,134.76794864777926, 2069.7230685736517,69.54670269399517,1665.3408771200102
4,180.958,2301.7900000000004,136.07084171746217, 2090.5722227856677,69.54670269399517,1715.8364751501335
2,180.958,3902.126,109.88469886378363, 3105.2846194776475,65.5283553815876,2303.50175960567
3,180.958,3902.126,109.88469886378363, 3105.2846194776475,65.5283553815876,2303.50175960567
5,137.52700000000002,2682.6479999999992,97.15368977669843, 2298.454818674026,69.54670269399517,2097.647864013361
