criterion,power_ideal,abs_ideal,power_wloss,abs_wloss,power_wlossCap,abs_wlossCap
0,160.745,2033.9900000000002,124.6964228279291, 1867.8047402077193,69.54670269399517,1571.4160222525438
1,160.745,2033.9900000000002,123.52216459109486, 1850.2984975139937,69.54670269399517,1553.4161249621784
4,160.745,2035.962,124.63375615051643, 1868.7049991420763,69.54670269399517,1572.7046519470293
2,160.74499999999998,3487.619,101.87758823341204, 2829.0311752098205,60.97322271657417,2149.8405552065274
3,160.74499999999998,3487.619,101.87758823341204, 2829.0311752098205,60.97322271657417,2149.8405552065274
5,120.53299999999997,2312.414999999999,88.74565907176462, 2018.697119816885,69.54670269399517,1918.0645422068867
