criterion,power_ideal,abs_ideal,power_wloss,abs_wloss,power_wlossCap,abs_wlossCap
0,152.265,1960.4769999999994,119.05675906759255, 1804.167761264565,69.54670269399517,1538.6859757280886
1,152.265,1960.4769999999999,117.89114067165346, 1787.404750255042,69.54670269399517,1523.357065614145
4,152.265,1961.4949999999994,118.98146676798785, 1803.9048827271304,69.54670269399517,1538.8842573967602
2,152.26500000000001,3411.029000000002,94.2363164364566, 2748.8028686363286,45.3634687699752,1923.0177372999465
3,152.26500000000001,3411.029000000002,94.2363164364566, 2748.8028686363286,45.3634687699752,1923.0177372999465
5,152.265,2349.906999999999,111.33581288338065, 2067.3773341901115,69.54670269399517,1737.6832746662703
