criterion,power_ideal,abs_ideal,power_wloss,abs_wloss,power_wlossCap,abs_wlossCap
0,161.26899999999998,2041.8950000000011,125.07904893678416, 1874.1497273510909,69.54670269399517,1579.6056539449555
1,161.269,2041.8950000000013,123.81425015298723, 1855.7712215878282,69.54670269399517,1553.7953864296476
4,161.26899999999998,2042.927000000001,125.00595523389686, 1873.9110489875466,69.54670269399517,1579.820230002734
2,161.26899999999995,3416.5619999999994,102.94683637543332, 2782.524237619775,60.94441300442892,2091.4838464467134
3,161.26899999999995,3416.5619999999994,102.94683637543332, 2782.524237619775,60.94441300442892,2091.4838464467134
5,157.51399999999998,3348.423,98.63858070556059, 2708.27214342765,49.982664668352776,1873.090386232286
