criterion,power_ideal,abs_ideal,power_wloss,abs_wloss,power_wlossCap,abs_wlossCap
0,180.2,2277.8329999999996,135.9350783845245, 2071.8692975026593,69.54670269399517,1703.8334980070626
1,180.20000000000002,2277.833,134.58144267519378, 2050.913139110675,69.54670269399517,1654.761171704329
4,180.20000000000002,2278.874,135.86900423930985, 2071.7291607833477,69.54670269399517,1704.4328318697615
2,180.20000000000007,3890.781000000003,109.8736792712958, 3098.0133726716667,66.79620097023724,2320.417654735538
3,180.20000000000007,3890.781000000003,109.8736792712958, 3098.0133726716667,66.79620097023724,2320.417654735538
5,180.20000000000002,2278.874,135.86900423930985, 2071.7291607833477,69.54670269399517,1704.4328318697615
