criterion,power_ideal,abs_ideal,power_wloss,abs_wloss,power_wlossCap,abs_wlossCap
0,162.21300000000002,2060.812999999999,125.1550788983439, 1890.2036956396564,69.54670269399517,1585.7028058500591
1,162.21300000000002,2060.8129999999996,124.1433916385645, 1875.03473814944,69.54670269399517,1565.0896192520418
4,162.21300000000002,2062.1279999999992,125.09109028463183, 1890.4213181386194,69.54670269399517,1586.3174788602355
2,162.21299999999997,3732.380000000001,96.72168788810498, 2955.00152990907,45.96191352677889,2047.9340694241805
3,162.213,3125.199000000002,109.22832196535633, 2649.8664291385517,69.54670269399517,2249.5295571505967
5,162.21300000000002,2526.1610000000005,116.31624417483137, 2203.8572341008903,69.54670269399517,1808.175914631092
