criterion,power_ideal,abs_ideal,power_wloss,abs_wloss,power_wlossCap,abs_wlossCap
0,167.377,2123.7540000000004,128.55602720294186, 1942.7382050846109,69.54670269399517,1624.062050686662
1,167.377,2123.7540000000004,127.24193894697231, 1922.8743033564238,69.54670269399517,1592.2071827176421
4,167.377,2125.63,128.492899449633, 1943.5182506062838,69.54670269399517,1625.236560123657
2,167.37699999999998,3623.169000000001,104.64641102163971, 2919.248931372389,62.959940271167085,2204.4260199816054
3,167.37699999999998,3623.169000000001,104.64641102163971, 2919.248931372389,62.959940271167085,2204.4260199816054
