criterion,power_ideal,abs_ideal,power_wloss,abs_wloss,power_wlossCap,abs_wlossCap
0,175.68800000000007,2182.028000000001,133.9062549467321, 1993.8231612316763,69.54670269399517,1645.2724072017218
1,175.68800000000002,2182.0280000000007,132.803502236925, 1976.9183874801638,69.54670269399517,1611.9986741240887
4,175.68800000000002,2183.4960000000005,133.83937876804384, 1994.10977431234,69.54670269399517,1645.9817686359681
2,175.68800000000007,3788.1990000000005,108.68961366246745, 3033.165274194131,66.33637803691299,2290.170609414471
3,175.68800000000007,3788.1990000000005,108.68961366246745, 3033.165274194131,66.33637803691299,2290.170609414471
5,175.68800000000002,2183.4960000000005,133.83937876804384, 1994.10977431234,69.54670269399517,1645.9817686359681
