criterion,power_ideal,abs_ideal,power_wloss,abs_wloss,power_wlossCap,abs_wlossCap
0,146.93,1854.7250000000001,116.2969656262448, 1715.189243768014,69.54670269399517,1468.021843667195
1,146.93,1854.7250000000004,115.33087294871474, 1701.2379609449451,69.54670269399517,1459.948041613737
4,146.93,1856.5120000000002,116.2333741234049, 1715.9198866727563,69.54670269399517,1469.139723668781
2,146.93,3307.178000000001,92.4868787710813, 2680.2489846528624,45.77293955337751,1907.918793260594
3,146.92999999999998,2791.5779999999995,103.13119589861725, 2409.271686162762,69.54670269399517,2116.4093340267173
5,146.92999999999998,2014.3540000000007,112.52555450099598, 1815.656042439735,69.54670269399517,1576.048373421064
