criterion,power_ideal,abs_ideal,power_wloss,abs_wloss,power_wlossCap,abs_wlossCap
0,161.101,2013.9939999999997,125.35090991798776, 1851.1675993978652,69.54670269399517,1557.4420186836453
1,161.101,2013.9940000000001,124.17695153847006, 1833.8842380599458,69.54670269399517,1540.0560952762223
4,161.10099999999997,2014.920999999999,125.2856864264092, 1850.96830887177,69.54670269399517,1557.6473653102917
2,161.10099999999997,3412.940000000001,103.37300996767367, 2781.2690284228856,62.55688076678371,2112.5940709230345
3,161.10099999999997,3412.940000000001,103.37300996767367, 2781.2690284228856,62.55688076678371,2112.5940709230345
