criterion,power_ideal,abs_ideal,power_wloss,abs_wloss,power_wlossCap,abs_wlossCap
0,179.074,2268.589,135.15719146407312, 2063.6957112433042,69.54670269399517,1698.7987132328096
1,179.074,2268.5890000000004,133.83596615980883, 2043.1970008631044,69.54670269399517,1651.3225389164702
4,179.074,2269.5110000000004,133.75800246194356, 2042.7237759336788,69.54670269399517,1651.8571987629944
2,179.07400000000007,4052.8280000000013,104.024363516603, 3161.2365354016215,51.51826096542075,2167.182651316613
3,179.07400000000007,4052.8280000000013,104.024363516603, 3161.2365354016215,51.51826096542075,2167.182651316613
5,179.074,2718.9950000000003,125.88278090256905, 2350.7241647240057,69.54670269399517,1859.9638442642856
