criterion,power_ideal,abs_ideal,power_wloss,abs_wloss,power_wlossCap,abs_wlossCap
0,178.593,2269.1059999999998,134.71437268437327, 2065.192442522017,69.54670269399517,1698.0783818119285
1,178.593,2269.1059999999993,133.4825120058477, 2046.4066792733615,69.54670269399517,1652.4749402069106
4,178.593,2270.1419999999994,134.63868108575437, 2064.869501322687,69.54670269399517,1698.6005190248156
2,178.593,3883.8170000000005,108.49575633351037, 3094.000058097521,64.38133514018362,2305.297275144727
3,168.23300000000003,3697.3370000000014,104.89225395915848, 2972.1240699138757,64.38133514018362,2284.7372220329403
5,135.49799999999996,2678.616,95.36338447177337, 2291.169214290484,69.54670269399517,2096.05105954838
